facility_key,facility_id,facility_name,city,country_name,longitude,latitude,first_year,latest_year,reporting_year_count,source_record_count,source_tables,distance_to_oder_hydro_boundary_m,distance_to_oder_hydro_boundary_km,distance_class,nearest_hydro_entity_type,nearest_hydro_source_layer,nearest_hydro_entity_id,nearest_hydro_entity_name,nearest_hydro_dfdd,nearest_hydro_rex,nearest_hydro_strahler,nearest_hydro_mc,nearest_hydro_basin_district,distance_to_major_river_line_m,distance_to_major_river_line_km,nearest_major_river_line_source_layer,nearest_major_river_line_id,nearest_major_river_line_name,distance_to_canal_line_m,distance_to_canal_line_km,nearest_canal_line_source_layer,nearest_canal_line_id,nearest_canal_line_name,distance_to_coastal_polygon_m,distance_to_coastal_polygon_km,nearest_coastal_polygon_source_layer,nearest_coastal_polygon_id,nearest_coastal_polygon_name,feature_ids,sector_codes,sector_names,annex_activities,pollutant_count,pollutants,latest_pollutants,air_release_total,water_release_total,pollutant_transfer_total,waste_transfer_total,waste_treatments,waste_classifications,lcp_feature_value_total,lcp_feature_types,lcp_units,ied_statuses,ied_activity_names,bat_conclusions,wi_cowi_capacity_total
PL.EEA/02C_003551.FACILITY,PL.EEA/02C_003551.FACILITY,Huta Szkła TUR Sp. z o.o.,Tur,Poland,17.73148056,53.08303333,2013,2013,1,1,waste_transfers,51.379799276964135,0.051,0-100 m,major_river_line,River_Net_l,RL36021843,NOTEĆ OD GÓRNEGO KANAŁU NOTECI DO KANAŁU BYDGOSKIEGO,BH140,PL,5.0,1.0,,51.379799276964135,0.051,River_Net_l,RL36021843,NOTEĆ OD GÓRNEGO KANAŁU NOTECI DO KANAŁU BYDGOSKIEGO,5966.931617518189,5.967,Canals_l,CL36022973,,,,,,,,3.0,Mineral industry,3(e),0,,,,,,8.51,Disposal; Recovery,HW,,,,,,,
PL.MŚ/000003337.FACILITY,PL.MŚ/000003337.FACILITY,Zakład Produkcyjny Huta Szkła Tur - kocioł grzewczy,Tur,Poland,17.7313899993896,53.0830535888672,2019,2024,6,11,ied_installations; waste_transfers,51.87746304474659,0.052,0-100 m,major_river_line,River_Net_l,RL36021843,NOTEĆ OD GÓRNEGO KANAŁU NOTECI DO KANAŁU BYDGOSKIEGO,BH140,PL,5.0,1.0,,51.87746304474659,0.052,River_Net_l,RL36021843,NOTEĆ OD GÓRNEGO KANAŁU NOTECI DO KANAŁU BYDGOSKIEGO,5963.874482882986,5.964,Canals_l,CL36022973,,,,,,,PL.MŚ/000003967.INSTALLATION,3.0,Mineral industry,3(e),0,,,,,,2728.408,Disposal; Recovery,HW; NONHW,,,,functional,Manufacture of glass including glass fibre with a melting capacity exceeding 20 tonnes per day,GLS,
PL.MŚ/000000434.FACILITY,PL.MŚ/000000434.FACILITY,Ardagh Glass S.A.,Ujście,Poland,16.7233982086182,53.0547294616699,2007,2024,18,38,air_releases; waste_transfers; ied_installations,81.03180204025414,0.081,0-100 m,major_river_line,River_Net_l,RL36014797,NOTEĆ OD GWDY DO KANAŁU ROMANOWSKIEGO,BH140,PL,6.0,1.0,,81.03180204025414,0.081,River_Net_l,RL36014797,NOTEĆ OD GWDY DO KANAŁU ROMANOWSKIEGO,,,,,,,,,,,PL.MŚ/000000676.INSTALLATION,3.0,Mineral industry,3(e),7,Arsenic and compounds (as As); Cadmium and compounds (as Cd); Chromium and compounds (as Cr); Hydrochlorofluorocarbons (HCFCs); Lead and compounds (as Pb); Nitrogen oxides (NOX); Particulate matter (PM10),Lead and compounds (as Pb),3925369.6,,,11784.75,Disposal; Recovery,HW; NONHW,,,,functional,Manufacture of glass including glass fibre with a melting capacity exceeding 20 tonnes per day,GLS,
PL.EEA/15P003179.FACILITY,PL.EEA/15P003179.FACILITY,"Polskie Górnictwo Naftowe i Gazownictwo S.A, Odział w Zielonej Górze, Podziemny Magazyn Gazu Bonikowo",Kokorzyn,Poland,16.553863,52.114532,2010,2016,7,7,air_releases; waste_transfers,204.897707300206,0.205,100 m - 1 km,canal_line,Canals_l,CL36022966,,BH020,PL,-9999.0,,,26837.97315797811,26.838,River_Net_l,RL36019594,WARTA OD PYSZĄCEJ DO KOPLI,204.897707300206,0.205,Canals_l,CL36022966,,,,,,,,3.0,Mineral industry,3(a),1,Methane (CH4),Methane (CH4),107000.0,,,64.812,Disposal; Recovery,HW,,,,,,,
PL.MŚ/000003710.FACILITY,PL.MŚ/000003710.FACILITY,Podziemny Magazyn Gazu Bonikowo,Kokorzyn,Poland,16.5537662506104,52.1144981384277,2019,2024,6,17,waste_transfers; ied_installations,207.2752645824356,0.207,100 m - 1 km,canal_line,Canals_l,CL36022966,,BH020,PL,-9999.0,,,26845.59406421261,26.846,River_Net_l,RL36019594,WARTA OD PYSZĄCEJ DO KOPLI,207.2752645824356,0.207,Canals_l,CL36022966,,,,,,,PL.MŚ/000003875.INSTALLATION; PL.MŚ/000005281.INSTALLATION,3.0,Mineral industry,3(a),0,,,,,,100.24,Disposal; Recovery,HW,,,,functional,Combustion of fuels in installations with a total rated thermal input of 50 MW or more,BATCNOTYETADOPTED,
PL.EEA/08O001886.FACILITY,PL.EEA/08O001886.FACILITY,"Opolskie Kopalnie Surowców Mineralnych Sp. z o.o., Kopalnia Surowców Mineralnych ""Wójcice""",Wójcice,Poland,17.223496,50.45519,2014,2014,1,1,waste_transfers,277.6125072423381,0.278,100 m - 1 km,major_river_line,River_Net_l,RL36005385,PLRW6000012599,BH140,PL,5.0,1.0,,277.6125072423381,0.278,River_Net_l,RL36005385,PLRW6000012599,,,,,,,,,,,,3.0,Mineral industry,3(b),0,,,,,,3.951,Disposal; Recovery,HW,,,,,,,
PL.MŚ/000005293.FACILITY,PL.MŚ/000005293.FACILITY,PKN Orlen S.A. -Oddział PGNiG w Zielonej Górze   OG Kamień Mały,Słońsk,Poland,14.845438,52.581769,2022,2022,1,1,waste_transfers,301.93373916094225,0.302,100 m - 1 km,major_river_line,River_Net_l,RL36012284,,BH140,PL,7.0,1.0,,301.93373916094225,0.302,River_Net_l,RL36012284,,5216.316696769493,5.216,Canals_l,CL36022968,,,,,,,,3.0,Mineral industry,3(a),0,,,,,,2.29,Disposal,HW,,,,,,,
PL.MŚ/000003195.FACILITY,PL.MŚ/000003195.FACILITY,Kopalnia Gazu Ziemnego Kościan-Brońsko,Kokorzyn,Poland,16.592083025279614,52.1144981384277,2019,2024,6,10,waste_transfers; ied_installations,330.9230261510946,0.331,100 m - 1 km,canal_line,Canals_l,CL36022961,,BH020,PL,-9999.0,,,24600.17906195923,24.6,River_Net_l,RL36019594,WARTA OD PYSZĄCEJ DO KOPLI,330.9230261510946,0.331,Canals_l,CL36022961,,,,,,,PL.MŚ/000003825.INSTALLATION,3.0,Mineral industry,3(a),0,,,,,,275.74,Disposal; Recovery,HW,,,,functional,Combustion of fuels in installations with a total rated thermal input of 50 MW or more,BATCNOTYETADOPTED,
PL.MŚ/000000067.FACILITY,PL.MŚ/000000067.FACILITY,"CEMENTOWNIA ""WARTA"" SPÓŁKA AKCYJNA",TRĘBACZEW,Poland,18.9263877868652,51.1030540466309,2007,2024,18,52,air_releases; waste_transfers; ied_installations; ied_wi_cowi,349.9883821945867,0.35,100 m - 1 km,major_river_line,River_Net_l,RL36008159,WARTA OD LISWARTY DO GRABARKI,BH140,PL,5.0,1.0,,349.9883821945867,0.35,River_Net_l,RL36008159,WARTA OD LISWARTY DO GRABARKI,40959.22976159144,40.959,Canals_l,CL36022940,,,,,,,PL.MŚ/000000101.INSTALLATION; PL.MŚ/000000050.PART,3.0,Mineral industry,3(c),13,Ammonia (NH3); Carbon dioxide (CO2); Carbon monoxide (CO); Chlorine and inorganic compounds (as HCl); Di-(2-ethyl hexyl) phthalate (DEHP); Mercury and compounds (as Hg); Nitrogen oxides (NOX); Nitrous oxide (N2O); Non-methane volatile organic compounds (NMVOC); PCDD + PCDF (dioxins + furans) (as Teq); Particulate matter (PM10); Polycyclic aromatic hydrocarbons (PAHs); Sulphur oxides (SOX),Ammonia (NH3); Carbon dioxide (CO2); Carbon monoxide (CO); Chlorine and inorganic compounds (as HCl); Mercury and compounds (as Hg); Nitrogen oxides (NOX),25582393144.40511,,,216298.08,Disposal; Recovery,HW; NONHW,,,,functional,Production of cement clinker in rotary kilns with a production capacity exceeding 500 tonnes per day or in other kilns with a production capacity exceeding 50 tonnes per day,CLM; NOBATCAPPLICABLE,30.0
PL.MŚ/000003301.FACILITY,PL.MŚ/000003301.FACILITY,Kopalnia Gazu Ziemnego Radlin - Ośrodek Grupowy Lisewo - kotłownia zakładowa,Lisewo,Poland,17.6760520935059,52.0982971191406,2019,2024,6,8,ied_installations; waste_transfers,535.0979765073492,0.535,100 m - 1 km,major_river_line,River_Net_l,RL36019374,PROSNA OD DOPŁYWU Z PIĄTKA MAŁEGO DO UJŚCIA,BH140,PL,5.0,1.0,,535.0979765073492,0.535,River_Net_l,RL36019374,PROSNA OD DOPŁYWU Z PIĄTKA MAŁEGO DO UJŚCIA,41133.2441471233,41.133,Canals_l,CL36022978,,,,,,,PL.MŚ/000003931.INSTALLATION,3.0,Mineral industry,3(a),0,,,,,,11.18,Disposal; Recovery,HW,,,,functional,Combustion of fuels in installations with a total rated thermal input of 50 MW or more,BATCNOTYETADOPTED,
PL.MŚ/000003325.FACILITY,PL.MŚ/000003325.FACILITY,"Kopalnia Surowców Mineralnych ""Kobylice Południe""",Kobylice,Poland,18.1804161071777,50.3127212524414,2018,2024,7,7,waste_transfers; ied_installations,600.5381332820643,0.601,100 m - 1 km,major_river_line,River_Net_l,RL36005227,ODRA OD WYPŁYWU ZE ZB. POLDER BUKÓW DO KANAŁU GLIWICKIEGO,BH140,PL,5.0,1.0,,600.5381332820643,0.601,River_Net_l,RL36005227,ODRA OD WYPŁYWU ZE ZB. POLDER BUKÓW DO KANAŁU GLIWICKIEGO,5338.231791967778,5.338,Canals_l,CL36022955,,,,,,,PL.MŚ/000003955.INSTALLATION,3.0,Mineral industry,3(b),0,,,,,,7.23,Disposal; Recovery,HW,,,,functional,Production of cement clinker in rotary kilns with a production capacity exceeding 500 tonnes per day or in other kilns with a production capacity exceeding 50 tonnes per day,BATCNOTYETADOPTED,
PL.EEA/15P000667.FACILITY,PL.EEA/15P000667.FACILITY,"Polskie Górnictwo Naftowe i Gazownictwo S.A. Oddział w Zielonej Górze, Ośrodek Produkcyjny Zaniemyśl",Kępa Mała,Poland,17.179161,52.104728,2012,2015,2,2,waste_transfers,618.7172325562191,0.619,100 m - 1 km,major_river_line,River_Net_l,RL36019195,WARTA OD MOSKAWY DO PYSZĄCEJ,BH140,PL,6.0,1.0,,618.7172325562191,0.619,River_Net_l,RL36019195,WARTA OD MOSKAWY DO PYSZĄCEJ,22441.14873727214,22.441,Canals_l,CL36022972,,,,,,,,3.0,Mineral industry,3(a),0,,,,,,11.513,Disposal; Recovery,HW,,,,,,,
PL.MŚ/000003675.FACILITY,PL.MŚ/000003675.FACILITY,Polska Grupa Górnicza sp.zo.o KWK Ruda Ruch Halemba,Ruda Śląska,Poland,15.4822216033936,51.5741920471191,2007,2024,18,61,air_releases; water_releases; waste_transfers; ied_installations; pollutant_transfers,664.8014391232464,0.665,100 m - 1 km,major_river_line,River_Net_l,RL36001843,BÓBR OD BOBRZYCY DO KWISY,BH140,PL,5.0,1.0,,664.8014391232464,0.665,River_Net_l,RL36001843,BÓBR OD BOBRZYCY DO KWISY,34300.16429737998,34.3,Canals_l,CL36022992,,,,,,,PL.MŚ/000005240.INSTALLATION,3.0,Mineral industry,3(a),10,Arsenic and compounds (as As); Cadmium and compounds (as Cd); Chlorides (as total Cl); Copper and compounds (as Cu); Hydro-fluorocarbons (HFCS); Lead and compounds (as Pb); Methane (CH4); Nickel and compounds (as Ni); Total organic carbon(as total C or COD/3) (TOC); Zinc and compounds (as Zn),Arsenic and compounds (as As); Chlorides (as total Cl); Hydro-fluorocarbons (HFCS); Lead and compounds (as Pb); Methane (CH4); Nickel and compounds (as Ni),212790270.0,432318247.14,136.32999999999998,11796156.72,Disposal; Recovery,HW; NONHW,,,,functional,Combustion of fuels in installations with a total rated thermal input of 50 MW or more,BATCNOTYETADOPTED,
PL.EEA/08O001889.FACILITY,PL.EEA/08O001889.FACILITY,Kopalnia Surowców Mineralnych Kobylice,Kobylice,Poland,18.178217,50.313418,2016,2016,1,1,waste_transfers,679.9907126859429,0.68,100 m - 1 km,major_river_line,River_Net_l,RL36005227,ODRA OD WYPŁYWU ZE ZB. POLDER BUKÓW DO KANAŁU GLIWICKIEGO,BH140,PL,5.0,1.0,,679.9907126859429,0.68,River_Net_l,RL36005227,ODRA OD WYPŁYWU ZE ZB. POLDER BUKÓW DO KANAŁU GLIWICKIEGO,5221.778804626066,5.222,Canals_l,CL36022955,,,,,,,,3.0,Mineral industry,3(b),0,,,,,,7.7,Disposal; Recovery,HW,,,,,,,
PL.MŚ/000000062.FACILITY,PL.MŚ/000000062.FACILITY,"Cementownia ""Odra"" S.A.",Opole,Poland,17.9139156341553,50.6806411743164,2007,2024,18,53,air_releases; waste_transfers; ied_installations; ied_wi_cowi; pollutant_transfers,757.4791994538145,0.757,100 m - 1 km,major_river_line,River_Net_l,RL36006321,KANAŁ ULGI W OPOLU,BH140,PL,5.0,1.0,,757.4791994538145,0.757,River_Net_l,RL36006321,KANAŁ ULGI W OPOLU,39084.59558746986,39.085,Canals_l,CL36022948,,,,,,,PL.MŚ/000000094.INSTALLATION; PL.MŚ/000000046.PART,3.0,Mineral industry,3(c),10,Arsenic and compounds (as As); Cadmium and compounds (as Cd); Carbon dioxide (CO2); Carbon monoxide (CO); Di-(2-ethyl hexyl) phthalate (DEHP); Mercury and compounds (as Hg); Nickel and compounds (as Ni); Nitrogen oxides (NOX); PCDD + PCDF (dioxins + furans) (as Teq); Particulate matter (PM10),Carbon dioxide (CO2); Carbon monoxide (CO); Nitrogen oxides (NOX),5503620891.500476,,20.0,854.53,Disposal; Recovery,HW,,,,functional,Production of cement clinker in rotary kilns with a production capacity exceeding 500 tonnes per day or in other kilns with a production capacity exceeding 50 tonnes per day,CLM,10.5
PL.EEA/04F001582.FACILITY,PL.EEA/04F001582.FACILITY,"Zielonogórskie Kopalnie Surowców Mineralnych S.A., Kopalnia Kruszywa ""Nowogród Bobrzański""",Nowogród Bobrzański,Poland,15.238057,51.817173,2007,2007,1,1,waste_transfers,768.921206815665,0.769,100 m - 1 km,major_river_line,River_Net_l,RL36002438,BÓBR OD KWISY DO KANAŁU DYCHOWSKIEGO,BH140,PL,5.0,1.0,,768.921206815665,0.769,River_Net_l,RL36002438,BÓBR OD KWISY DO KANAŁU DYCHOWSKIEGO,2664.55427427829,2.665,Canals_l,CL36022992,,,,,,,,3.0,Mineral industry,3(b),0,,,,,,65500.0,Recovery,NONHW,,,,,,,
PL.EEA/16Z000666.FACILITY,PL.EEA/16Z000666.FACILITY,"Polskie Górnictwo Naftowe i Gazownictwo S.A. Oddział w Zielonej Górze, Ośrodek Produkcyjny Zastań",Zastań,Poland,14.694506,53.98415,2016,2016,1,1,waste_transfers,783.5532486038637,0.784,100 m - 1 km,major_river_line,River_Net_l,RL36018288,ZALEW KAMIEŃSKI,BH140,PL,7.0,1.0,,783.5532486038637,0.784,River_Net_l,RL36018288,ZALEW KAMIEŃSKI,,,,,,2665.932013343601,2.666,Coastal_p,CO36000001,PLCWIIIWB9,,3.0,Mineral industry,3(a),0,,,,,,10.0,Disposal,HW,,,,,,,
PL.MŚ/000000431.FACILITY,PL.MŚ/000000431.FACILITY,BA Glass Poland Sp. z o.o.,Sieraków,Poland,16.09694480896,52.6495590209961,2007,2024,18,49,air_releases; waste_transfers; ied_installations,804.6464868290499,0.805,100 m - 1 km,major_river_line,River_Net_l,RL36012736,WARTA OD OSTROROGI DO KAMIONKI,BH140,PL,6.0,1.0,,804.6464868290499,0.805,River_Net_l,RL36012736,WARTA OD OSTROROGI DO KAMIONKI,,,,,,,,,,,PL.MŚ/000000673.INSTALLATION; PL.MŚ/000002814.INSTALLATION,3.0,Mineral industry,3(e),5,Chlorofluorocarbons (CFCs); Hydrochlorofluorocarbons (HCFCs); Nitrogen oxides (NOX); Nitrous oxide (N2O); Particulate matter (PM10),Nitrous oxide (N2O),6919993.5,,,267.563,Disposal; Recovery,HW,,,,decommissioned; functional,Manufacture of glass including glass fibre with a melting capacity exceeding 20 tonnes per day,GLS; NOBATCAPPLICABLE,
PL.MŚ/000003242.FACILITY,PL.MŚ/000003242.FACILITY,Kopalnia Gazu Ziemnego Załęcze-Ośrodek Grupowy Wiewierz - kotłownia zakładowa,Czarnoborsko,Poland,18.0311393737793,51.8026390075684,2019,2024,6,7,ied_installations; waste_transfers,815.9858513710616,0.816,100 m - 1 km,major_river_line,River_Net_l,RL36010326,PROSNA OD KANAŁU BERNARDYŃSKIEGO DO DOPŁYWU Z PIĄTKA MAŁEGO,BH140,PL,5.0,1.0,,815.9858513710616,0.816,River_Net_l,RL36010326,PROSNA OD KANAŁU BERNARDYŃSKIEGO DO DOPŁYWU Z PIĄTKA MAŁEGO,974.350501994834,0.974,Canals_l,CL36022978,,,,,,,PL.MŚ/000003872.INSTALLATION,3.0,Mineral industry,3(a),0,,,,,,4.0,Recovery,HW,,,,functional,Combustion of fuels in installations with a total rated thermal input of 50 MW or more,BATCNOTYETADOPTED,
PL.EEA/01D001557.FACILITY,PL.EEA/01D001557.FACILITY,Kopalnia Kruszywa Szczytniki,Spalona,Poland,16.275224,51.247538,2014,2014,1,1,waste_transfers,866.8358798242374,0.867,100 m - 1 km,major_river_line,River_Net_l,RL36001323,KACZAWA OD CZARNEJ WODY DO ODRY,BH140,PL,5.0,1.0,,866.8358798242374,0.867,River_Net_l,RL36001323,KACZAWA OD CZARNEJ WODY DO ODRY,,,,,,,,,,,,3.0,Mineral industry,3(b),0,,,,,,80.1,Recovery,HW,,,,,,,
PL.MŚ/000000300.FACILITY,PL.MŚ/000000300.FACILITY,Rockwool Polska Sp. z o.o. Zakład w Cigacicach,Cigacice,Poland,15.5998611450195,52.042667388916,2007,2024,18,44,air_releases; waste_transfers; ied_installations,948.3714587047502,0.948,100 m - 1 km,major_river_line,River_Net_l,RL36003055,ODRA OD CZARNEJ STRUGI DO NYSY ŁUŻYCKIEJ,BH140,PL,6.0,1.0,,948.3714587047502,0.948,River_Net_l,RL36003055,ODRA OD CZARNEJ STRUGI DO NYSY ŁUŻYCKIEJ,21909.526046752017,21.91,Canals_l,CL36022935,,,,,,,PL.MŚ/000000429.INSTALLATION,3.0,Mineral industry,3(f),8,Ammonia (NH3); Benzene; Carbon dioxide (CO2); Carbon monoxide (CO); Nitrogen oxides (NOX); Nitrous oxide (N2O); Particulate matter (PM10); Sulphur oxides (SOX),Ammonia (NH3); Nitrogen oxides (NOX); Nitrous oxide (N2O); Particulate matter (PM10); Sulphur oxides (SOX),978550940.0,,,172716.07,Disposal; Recovery,HW; NONHW,,,,functional,Melting mineral substances including the production of mineral fibres with a melting capacity exceeding 20 tonnes per day,GLS,
PL.MŚ/000003317.FACILITY,PL.MŚ/000003317.FACILITY,"Kopalnia Surowców Mineralnych ""Szczytniki 2"" - Zbiornik oleju napędowego",Szczytniki Małe,Poland,16.2513618469238,51.2369155883789,2019,2024,6,8,ied_installations; waste_transfers,951.5357696431064,0.952,100 m - 1 km,major_river_line,River_Net_l,RL36001286,KACZAWA OD CZARNEJ WODY DO ODRY,BH140,PL,5.0,1.0,,951.5357696431064,0.952,River_Net_l,RL36001286,KACZAWA OD CZARNEJ WODY DO ODRY,,,,,,,,,,,PL.MŚ/000003947.INSTALLATION,3.0,Mineral industry,3(b),0,,,,,,12202.281,Disposal; Recovery,HW; NONHW,,,,functional,Production of cement clinker in rotary kilns with a production capacity exceeding 500 tonnes per day or in other kilns with a production capacity exceeding 50 tonnes per day,BATCNOTYETADOPTED,
PL.EEA/08O001887.FACILITY,PL.EEA/08O001887.FACILITY,"Kopalnia Surowców Mineralnych ""Malerzowice""",Malerzowice Wielkie,Poland,17.488398,50.582835,2014,2016,2,2,waste_transfers,957.4659963525994,0.957,100 m - 1 km,major_river_line,River_Net_l,RL36005887,NYSA KŁODZKA OD ZB. NYSA DO UJŚCIA,BH140,PL,5.0,1.0,,957.4659963525994,0.957,River_Net_l,RL36005887,NYSA KŁODZKA OD ZB. NYSA DO UJŚCIA,,,,,,,,,,,,3.0,Mineral industry,3(b),0,,,,,,11.728,Disposal; Recovery,HW,,,,,,,
PL.MŚ/000003707.FACILITY,PL.MŚ/000003707.FACILITY,"Jastrzębska Spółka Węglowa S.A. Kopalnia Węgla Kamiennego ""Budryk""",Ornontowice,Poland,15.08319,52.02193,2007,2024,18,67,air_releases; pollutant_transfers; waste_transfers; water_releases; ied_installations,1044.706069661844,1.045,1-10 km,major_river_line,River_Net_l,RL36002934,BÓBR OD ZB. RADUSZEC DO ODRY,BH140,PL,5.0,1.0,,1044.706069661844,1.045,River_Net_l,RL36002934,BÓBR OD ZB. RADUSZEC DO ODRY,3717.5531358028734,3.718,Canals_l,CL36022993,,,,,,,PL.MŚ/000005243.INSTALLATION,3.0,Mineral industry,3(a),10,Arsenic and compounds (as As); Cadmium and compounds (as Cd); Chlorides (as total Cl); Hydro-fluorocarbons (HFCS); Hydrochlorofluorocarbons (HCFCs); Lead and compounds (as Pb); Methane (CH4); Nickel and compounds (as Ni); Polycyclic aromatic hydrocarbons (PAHs); Zinc and compounds (as Zn),Arsenic and compounds (as As); Chlorides (as total Cl); Hydro-fluorocarbons (HFCS); Methane (CH4); Nickel and compounds (as Ni); Zinc and compounds (as Zn),667989322.0,353.96,795407310.43,37032980.83,Disposal; Recovery,HW; NONHW,,,,functional,Combustion of fuels in installations with a total rated thermal input of 50 MW or more,BATCNOTYETADOPTED,
PL.EEA/12S000127.FACILITY,PL.EEA/12S000127.FACILITY,"""CERAMOT"" MOTYKA , PAWLICA SPÓŁKA JAWNA",Buków,Poland,18.298636,50.000343,2007,2008,2,2,waste_transfers,1076.935229005747,1.077,1-10 km,major_river_line,River_Net_l,RL36004300,ODRA OD WYPŁYWU ZE ZB. POLDER BUKÓW DO KANAŁU GLIWICKIEGO,BH140,PL,5.0,1.0,,1076.935229005747,1.077,River_Net_l,RL36004300,ODRA OD WYPŁYWU ZE ZB. POLDER BUKÓW DO KANAŁU GLIWICKIEGO,15730.716437625708,15.731,Canals_l,CL36022977,,,,,,,,3.0,Mineral industry,3(g),0,,,,,,2170.7,Disposal,HW,,,,,,,
PL.MŚ/000003456.FACILITY,PL.MŚ/000003456.FACILITY,Kopalnia Ropy Naftowej i Gazu Ziemnego Radoszyn - Ośrodek Produkcyjny Połęcko,Połęcko,Poland,14.886944770813,52.0419425964355,2017,2024,7,8,waste_transfers; ied_installations,1132.5775456669876,1.133,1-10 km,major_river_line,River_Net_l,RL36003092,ODRA OD CZARNEJ STRUGI DO NYSY ŁUŻYCKIEJ,BH140,PL,6.0,1.0,,1132.5775456669876,1.133,River_Net_l,RL36003092,ODRA OD CZARNEJ STRUGI DO NYSY ŁUŻYCKIEJ,12801.535797627634,12.802,Canals_l,CL36022993,,,,,,,PL.MŚ/000004086.INSTALLATION,3.0,Mineral industry,3(a),0,,,,,,20.531,Disposal; Recovery,HW,,,,functional,Combustion of fuels in installations with a total rated thermal input of 50 MW or more,BATCNOTYETADOPTED,
PL.MŚ/000003326.FACILITY,PL.MŚ/000003326.FACILITY,"Kopalnia Surowców Mineralnych ""Ruda""",Budziska,Poland,18.2683048248291,50.1999473571777,2014,2024,10,10,waste_transfers; ied_installations,1196.5647080138635,1.197,1-10 km,major_river_line,River_Net_l,RL36004976,ODRA OD WYPŁYWU ZE ZB. POLDER BUKÓW DO KANAŁU GLIWICKIEGO,BH140,PL,5.0,1.0,,1196.5647080138635,1.197,River_Net_l,RL36004976,ODRA OD WYPŁYWU ZE ZB. POLDER BUKÓW DO KANAŁU GLIWICKIEGO,11375.60289319779,11.376,Canals_l,CL36022987,,,,,,,PL.MŚ/000003956.INSTALLATION,3.0,Mineral industry,3(b),0,,,,,,19.909,Disposal; Recovery,HW,,,,functional,Production of cement clinker in rotary kilns with a production capacity exceeding 500 tonnes per day or in other kilns with a production capacity exceeding 50 tonnes per day,BATCNOTYETADOPTED,
PL.MŚ/000003327.FACILITY,PL.MŚ/000003327.FACILITY,"Kopalnia Surowców Mineralnych ""Malerzowice""",Malerzowice Wielkie,Poland,17.4959449768066,50.569694519043,2018,2024,7,7,waste_transfers; ied_installations,1250.7546343208242,1.251,1-10 km,major_river_line,River_Net_l,RL36005841,NYSA KŁODZKA OD ZB. NYSA DO UJŚCIA,BH140,PL,5.0,1.0,,1250.7546343208242,1.251,River_Net_l,RL36005841,NYSA KŁODZKA OD ZB. NYSA DO UJŚCIA,,,,,,,,,,,PL.MŚ/000003957.INSTALLATION,3.0,Mineral industry,3(b),0,,,,,,4.981,Disposal; Recovery,HW,,,,functional,Production of cement clinker in rotary kilns with a production capacity exceeding 500 tonnes per day or in other kilns with a production capacity exceeding 50 tonnes per day,BATCNOTYETADOPTED,
PL.MŚ/000000002.FACILITY,PL.MŚ/000000002.FACILITY,Philips Lighting Poland spółka z o.o.,Piła,Poland,16.776050567627,53.1684265136719,2007,2024,18,36,waste_transfers; air_releases; pollutant_transfers; ied_installations,1268.4091802155278,1.268,1-10 km,major_river_line,River_Net_l,RL36021895,GWDA OD PIŁAWY DO UJŚCIA,BH140,PL,5.0,1.0,,1268.4091802155278,1.268,River_Net_l,RL36021895,GWDA OD PIŁAWY DO UJŚCIA,,,,,,,,,,,PL.MŚ/000000002.INSTALLATION; PL.MŚ/000000003.INSTALLATION,3.0,Mineral industry,3(e),4,Hydrochlorofluorocarbons (HCFCs); Lead and compounds (as Pb); Mercury and compounds (as Hg); Particulate matter (PM10),Lead and compounds (as Pb); Mercury and compounds (as Hg),50516.82,,269.11,36272.761,Disposal; Recovery,HW; NONHW,,,,functional,Disposal or recovery of hazardous waste with a capacity exceeding 10 tonnes per day involving one or more of the following activities.; Manufacture of glass including glass fibre with a melting capacity exceeding 20 tonnes per day,GLS; WT,
PL.MŚ/000003219.FACILITY,PL.MŚ/000003219.FACILITY,Kopalnia Gazu Ziemnego Żuchlów-Ośrodek Grupowy Aleksandrówka,Lubów,Poland,16.4741554260254,51.574893951416,2017,2024,7,7,waste_transfers; ied_installations,1304.9875373316906,1.305,1-10 km,major_river_line,River_Net_l,RL36002009,ODRA OD WAŁÓW ŚLĄSKICH DO KANAŁU WSCHODNIEGO,BH140,PL,6.0,1.0,,1304.9875373316906,1.305,River_Net_l,RL36002009,ODRA OD WAŁÓW ŚLĄSKICH DO KANAŁU WSCHODNIEGO,46665.58370920912,46.666,Canals_l,CL36022972,,,,,,,PL.MŚ/000003849.INSTALLATION,3.0,Mineral industry,3(a),0,,,,,,7.03,Disposal,HW,,,,functional,Combustion of fuels in installations with a total rated thermal input of 50 MW or more,BATCNOTYETADOPTED,
PL.MŚ/000000104.FACILITY,PL.MŚ/000000104.FACILITY,Górażdże Cement S.A. - Cementowia Górażdże,Chorula,Poland,17.9777222222222,50.5348055555556,2007,2024,18,47,air_releases; waste_transfers; ied_installations; ied_wi_cowi,1454.3420583158818,1.454,1-10 km,major_river_line,River_Net_l,RL36005844,ODRA OD OSOBŁOGI DO MAŁEJ PANWI,BH140,PL,5.0,1.0,,1454.3420583158818,1.454,River_Net_l,RL36005844,ODRA OD OSOBŁOGI DO MAŁEJ PANWI,22565.30074807089,22.565,Canals_l,CL36022948,,,,,,,PL.MŚ/000000166.INSTALLATION; PL.MŚ/000000064.PART,3.0,Mineral industry,3(c),16,Ammonia (NH3); Arsenic and compounds (as As); Cadmium and compounds (as Cd); Carbon dioxide (CO2); Carbon monoxide (CO); Chlorine and inorganic compounds (as HCl); Chromium and compounds (as Cr); Copper and compounds (as Cu); Lead and compounds (as Pb); Mercury and compounds (as Hg); Nickel and compounds (as Ni); Nitrogen oxides (NOX); Nitrous oxide (N2O); PCDD + PCDF (dioxins + furans) (as Teq); Particulate matter (PM10); Sulphur oxides (SOX),Ammonia (NH3); Arsenic and compounds (as As); Carbon dioxide (CO2); Carbon monoxide (CO); Chromium and compounds (as Cr); Copper and compounds (as Cu); Nickel and compounds (as Ni); Nitrogen oxides (NOX); PCDD + PCDF (dioxins + furans) (as Teq); Particulate matter (PM10); Sulphur oxides (SOX),40779307791.60032,,,64821.9551,Disposal; Recovery,HW; NONHW,,,,functional,Production of cement clinker in rotary kilns with a production capacity exceeding 500 tonnes per day or in other kilns with a production capacity exceeding 50 tonnes per day,CLM,114.0
PL.MŚ/000000806.FACILITY,PL.MŚ/000000806.FACILITY,Stolzle Częstochowa Sp. z o.o.,Częstochowa,Poland,19.1611099243164,50.8411636352539,2007,2024,17,37,waste_transfers; air_releases; ied_installations,1482.4508555980256,1.482,1-10 km,major_river_line,River_Net_l,RL36007181,WARTA OD ZBIORNIKA PORAJ DO CIEKU SPOD RUDNIK,BH140,PL,5.0,1.0,,1482.4508555980256,1.482,River_Net_l,RL36007181,WARTA OD ZBIORNIKA PORAJ DO CIEKU SPOD RUDNIK,24742.96517124446,24.743,Canals_l,CL36022940,,,,,,,PL.MŚ/000001168.INSTALLATION; PL.MŚ/000001166.INSTALLATION,3.0,Mineral industry,3(e),1,Nitrogen oxides (NOX),Nitrogen oxides (NOX),2164000.0,,,55737.77,Disposal; Recovery,HW; NONHW,,,,functional,Manufacture of glass including glass fibre with a melting capacity exceeding 20 tonnes per day,GLS,
PL.MŚ/000001564.FACILITY,PL.MŚ/000001564.FACILITY,CREATON Polska Sp. z o.o. Zakład Produkcyjny w Widziszewie - dachówki,Widziszewo,Poland,16.5873,52.03988,2017,2024,8,12,ied_installations; waste_transfers,1499.8640885944085,1.5,1-10 km,canal_line,Canals_l,CL36022963,,BH020,PL,-9999.0,,,29025.93243992766,29.026,River_Net_l,RL36019288,WARTA OD PYSZĄCEJ DO KOPLI,1499.8640885944085,1.5,Canals_l,CL36022963,,,,,,,PL.MŚ/000002162.INSTALLATION,3.0,Mineral industry,3(g),0,,,,,,46.2,Recovery,HW,,,,functional,"Manufacture of ceramic products by firing, in particular roofing tiles, bricks, refractory bricks, tiles, stoneware or porcelain with a production capacity exceeding 75 tonnes per day and/or with a kiln capacity exceeding 4 m3 and with a setting density per kiln exceeding 300 kg/m3",NOBATCAPPLICABLE,
PL.EEA/15P002681.FACILITY,PL.EEA/15P002681.FACILITY,"""Sanitec Koło"" Sp. z o.o., Zakład produkcyjny",Koło,Poland,18.619528,52.211533,2007,2010,4,5,waste_transfers; pollutant_transfers,1532.364656208311,1.532,1-10 km,major_river_line,River_Net_l,RL36019835,WARTA OD TELESZYNY DO TOPCA,BH140,PL,5.0,1.0,,1532.364656208311,1.532,River_Net_l,RL36019835,WARTA OD TELESZYNY DO TOPCA,,,,,,,,,,,,3.0,Mineral industry,3(g),1,Zinc and compounds (as Zn),Zinc and compounds (as Zn),,,140.0,44163.78,Disposal; Recovery,HW; NONHW,,,,,,,
PL.MŚ/000003213.FACILITY,PL.MŚ/000003213.FACILITY,Kopalnia Ropy Naftowej i Gazu Ziemnego Zielin - Ośrodek Produkcyjny Jeniniec,Krzyszczynka,Poland,15.0904140472412,52.6326637268066,2008,2024,13,17,air_releases; waste_transfers; ied_installations,1578.1213200690595,1.578,1-10 km,major_river_line,River_Net_l,RL36012847,WARTA OD NOTECI DO UJŚCIA,BH140,PL,7.0,1.0,,1578.1213200690595,1.578,River_Net_l,RL36012847,WARTA OD NOTECI DO UJŚCIA,12049.853505898798,12.05,Canals_l,CL36022968,,,,,,,PL.MŚ/000003843.INSTALLATION,3.0,Mineral industry,3(a),1,Sulphur oxides (SOX),Sulphur oxides (SOX),1391000.0,,,76.689,Disposal; Recovery,HW,,,,functional,Combustion of fuels in installations with a total rated thermal input of 50 MW or more,BATCNOTYETADOPTED,
PL.EEA/01D000545.FACILITY,PL.EEA/01D000545.FACILITY,Polskie Górnictwo Naftowe i Gazownictwo S.A.  Ośrodek Grupowy Niechlów,Niechlów,Poland,16.355593,51.690688,2015,2015,1,1,waste_transfers,1683.757573256701,1.684,1-10 km,major_river_line,River_Net_l,RL36002202,BARYCZ OD ORLI DO ODRY,BH140,PL,5.0,1.0,,1683.757573256701,1.684,River_Net_l,RL36002202,BARYCZ OD ORLI DO ODRY,36068.25693495363,36.068,Canals_l,CL36022927,,,,,,,,3.0,Mineral industry,3(a),0,,,,,,4.52,Disposal,HW,,,,,,,
PL.MŚ/000003212.FACILITY,PL.MŚ/000003212.FACILITY,Kopalnia Ropy Naftowej Kamień Pomorski,Buniewice,Poland,14.7400331497192,53.977596282959,2012,2024,11,14,waste_transfers; ied_installations,1685.2957054048377,1.685,1-10 km,major_river_line,River_Net_l,RL36018300,ZALEW KAMIEŃSKI,BH140,PL,7.0,1.0,,1685.2957054048377,1.685,River_Net_l,RL36018300,ZALEW KAMIEŃSKI,,,,,,4676.07932176529,4.676,Coastal_p,CO36000001,PLCWIIIWB9,PL.MŚ/000003842.INSTALLATION,3.0,Mineral industry,3(a),0,,,,,,127.133,Disposal; Recovery,HW,,,,functional,Combustion of fuels in installations with a total rated thermal input of 50 MW or more,BATCNOTYETADOPTED,
PL.EEA/04F003322.FACILITY,PL.EEA/04F003322.FACILITY,STOLZLE Wymiarki Sp z o.o.,Wymiarki,Poland,15.05,51.31,2016,2016,1,1,waste_transfers,2075.15522210603,2.075,1-10 km,major_river_line,River_Net_l,RL36001346,ODER,BH140,DE/PL,5.0,1.0,,2075.15522210603,2.075,River_Net_l,RL36001346,ODER,,,,,,,,,,,,3.0,Mineral industry,3(e),0,,,,,,2.06,Disposal,HW,,,,,,,
PL.MŚ/000003201.FACILITY,PL.MŚ/000003201.FACILITY,Kopalnia Ropy Naftowej i Gazu Ziemnego Zielin - Osrodek Grupowy Górzyca,Ługi Górzyckie,Poland,14.6399335861206,52.5340843200684,2012,2024,9,14,waste_transfers; air_releases; ied_installations,2128.3627848719284,2.128,1-10 km,major_river_line,River_Net_l,RL36011982,ODRA OD NYSY ŁUŻYCKIEJ DO WARTY,BH140,DE/PL,6.0,1.0,,2128.3627848719284,2.128,River_Net_l,RL36011982,ODRA OD NYSY ŁUŻYCKIEJ DO WARTY,13603.105471531268,13.603,Canals_l,CL36022968,,,,,,,PL.MŚ/000003831.INSTALLATION,3.0,Mineral industry,3(a),1,Sulphur oxides (SOX),Sulphur oxides (SOX),467000.0,,,76.42399999999999,Disposal; Recovery,HW,,,,functional,Combustion of fuels in installations with a total rated thermal input of 50 MW or more,BATCNOTYETADOPTED,
PL.EEA/15P000531.FACILITY,PL.EEA/15P000531.FACILITY,"PAK Kopalnia Węgla Brunatnego Adamów S.A., Odkrywka Koźmin",Koźmin,Poland,18.658333,52.089167,2007,2016,10,17,water_releases; waste_transfers,2226.952163700979,2.227,1-10 km,major_river_line,River_Net_l,RL36019612,WARTA OD SIEKIERNIKA DO NERU,BH140,PL,5.0,1.0,,2226.952163700979,2.227,River_Net_l,RL36019612,WARTA OD SIEKIERNIKA DO NERU,,,,,,,,,,,,3.0,Mineral industry,3(b),11,Arsenic and compounds (as As); Cadmium and compounds (as Cd); Chlorides (as total Cl); Chromium and compounds (as Cr); Copper and compounds (as Cu); Lead and compounds (as Pb); Nickel and compounds (as Ni); Total nitrogen; Total organic carbon(as total C or COD/3) (TOC); Total phosphorus; Zinc and compounds (as Zn),Arsenic and compounds (as As); Cadmium and compounds (as Cd); Chlorides (as total Cl); Chromium and compounds (as Cr); Copper and compounds (as Cu); Lead and compounds (as Pb); Nickel and compounds (as Ni); Total nitrogen; Total organic carbon(as total C or COD/3) (TOC); Total phosphorus,,21450933.5,,38.66,Disposal,HW,,,,,,,
PL.MŚ/000004592.FACILITY,PL.MŚ/000004592.FACILITY,Polskie Górnictwo Naftowe i Gazownictwo S.A. Strefa Przyodwiertowa Białcz-1,Warszawa,Poland,16.559153,52.078802,2019,2024,5,6,waste_transfers; ied_installations,2296.6821724260926,2.297,1-10 km,canal_line,Canals_l,CL36022965,,BH020,PL,-9999.0,,,28722.748710891155,28.723,River_Net_l,RL36019594,WARTA OD PYSZĄCEJ DO KOPLI,2296.6821724260926,2.297,Canals_l,CL36022965,,,,,,,PL.MŚ/000005325.INSTALLATION,3.0,Mineral industry,3(a),0,,,,,,43.0,Disposal,HW,,,,functional,Combustion of fuels in installations with a total rated thermal input of 50 MW or more,BATCNOTYETADOPTED,
PL.MŚ/000000780.FACILITY,PL.MŚ/000000780.FACILITY,NGK Ceramics Polska Spółka z Ograniczoną Odpowiedzialnością,Gliwice,Poland,18.597469329834,50.3246803283691,2016,2024,9,21,air_releases; waste_transfers; ied_installations,2354.7434839479147,2.355,1-10 km,canal_line,Canals_l,CL36022985,,BH020,PL,-9999.0,,,25365.558346690737,25.366,River_Net_l,RL36005062,ODRA OD WYPŁYWU ZE ZB. POLDER BUKÓW DO KANAŁU GLIWICKIEGO,2354.7434839479147,2.355,Canals_l,CL36022985,,,,,,,PL.MŚ/000001128.INSTALLATION,3.0,Mineral industry,3(g),2,Ammonia (NH3); Fluorine and inorganic compounds (as HF),Ammonia (NH3),48320.0,,,102809.27,Disposal; Recovery,HW; NONHW,,,,functional,"Manufacture of ceramic products by firing, in particular roofing tiles, bricks, refractory bricks, tiles, stoneware or porcelain with a production capacity exceeding 75 tonnes per day and/or with a kiln capacity exceeding 4 m3 and with a setting density per kiln exceeding 300 kg/m3",NOBATCAPPLICABLE,
PL.MŚ/000002099.FACILITY,PL.MŚ/000002099.FACILITY,"Górażdże Cement S.A. - Kopalnia Margli Kredowych ""Folwark""",Chrzowice,Poland,17.9101467132568,50.6106376647949,2007,2024,18,24,waste_transfers; ied_installations,2461.6223549876854,2.462,1-10 km,major_river_line,River_Net_l,RL36006165,ODRA OD OSOBŁOGI DO MAŁEJ PANWI,BH140,PL,5.0,1.0,,2461.6223549876854,2.462,River_Net_l,RL36006165,ODRA OD OSOBŁOGI DO MAŁEJ PANWI,32263.28535277246,32.263,Canals_l,CL36022948,,,,,,,PL.MŚ/000002729.INSTALLATION,3.0,Mineral industry,3(b),0,,,,,,936.86,Disposal; Recovery,HW,,,,functional,Production of cement clinker in rotary kilns with a production capacity exceeding 500 tonnes per day or in other kilns with a production capacity exceeding 50 tonnes per day,BATCNOTYETADOPTED,
PL.MŚ/000000203.FACILITY,PL.MŚ/000000203.FACILITY,"Zakład Kunice 1,2,3",Kunice /k.Legnicy,Poland,16.2325954437256,51.2144927978516,2012,2024,12,14,waste_transfers; ied_installations; air_releases,2503.365741735352,2.503,1-10 km,major_river_line,River_Net_l,RL36001286,KACZAWA OD CZARNEJ WODY DO ODRY,BH140,PL,5.0,1.0,,2503.365741735352,2.503,River_Net_l,RL36001286,KACZAWA OD CZARNEJ WODY DO ODRY,,,,,,,,,,,PL.MŚ/000000311.INSTALLATION,3.0,Mineral industry,3(g),1,Fluorine and inorganic compounds (as HF),Fluorine and inorganic compounds (as HF),13890.0,,,5135.98,Disposal; Recovery,HW; NONHW,,,,functional,"Manufacture of ceramic products by firing, in particular roofing tiles, bricks, refractory bricks, tiles, stoneware or porcelain with a production capacity exceeding 75 tonnes per day and/or with a kiln capacity exceeding 4 m3 and with a setting density per kiln exceeding 300 kg/m3",BATCNOTYETADOPTED,
PL.MŚ/000000068.FACILITY,PL.MŚ/000000068.FACILITY,LAFARGE CEMENT S.A.; ODDZIAŁ W BIELAWACH - IPPC,BIELAWY,Poland,17.9895725250244,52.8368148803711,2017,2024,8,33,ied_installations; ied_wi_cowi; air_releases; waste_transfers; water_releases,2611.3737915381835,2.611,1-10 km,major_river_line,River_Net_l,RL36021481,NOTEĆ OD MAŁEJ NOTECI DO JEZIORA WOLICKIEGO,BH140,PL,5.0,1.0,,2611.3737915381835,2.611,River_Net_l,RL36021481,NOTEĆ OD MAŁEJ NOTECI DO JEZIORA WOLICKIEGO,15390.683609936845,15.391,Canals_l,CL36022970,,,,,,,PL.MŚ/000000102.INSTALLATION; PL.MŚ/000000051.PART,3.0,Mineral industry,3(c),10,Ammonia (NH3); Carbon dioxide (CO2); Carbon monoxide (CO); Chromium and compounds (as Cr); Mercury and compounds (as Hg); Nickel and compounds (as Ni); Nitrogen oxides (NOX); Particulate matter (PM10); Sulphur oxides (SOX); Zinc and compounds (as Zn),Carbon dioxide (CO2); Carbon monoxide (CO); Mercury and compounds (as Hg); Nickel and compounds (as Ni); Nitrogen oxides (NOX); Particulate matter (PM10); Zinc and compounds (as Zn),8671438831.0,529.0,,27658.5,Recovery,HW; NONHW,,,,functional,Production of cement clinker in rotary kilns with a production capacity exceeding 500 tonnes per day or in other kilns with a production capacity exceeding 50 tonnes per day,CLM,50.0
PL.EEA/15P000635.FACILITY,PL.EEA/15P000635.FACILITY,"Polskie Górnictwo Naftowe i Gazownictwo S.A. Oddział w Zielonej Górze, Kopalnia Gazu Ziemnego Kościan- Brońsko",Kokorzyn,Poland,16.592412,52.084896,2011,2016,5,5,waste_transfers,2788.688144888378,2.789,1-10 km,canal_line,Canals_l,CL36022963,,BH020,PL,-9999.0,,,26506.488467612224,26.506,River_Net_l,RL36019594,WARTA OD PYSZĄCEJ DO KOPLI,2788.688144888378,2.789,Canals_l,CL36022963,,,,,,,,3.0,Mineral industry,3(a),0,,,,,,272.86,Disposal; Recovery,HW,,,,,,,
PL.MŚ/000003208.FACILITY,PL.MŚ/000003208.FACILITY,Kopalnia Gazu Ziemnego Radlin - Ośrodek Grupowy Radlin II,Chrzan,Poland,17.4738426208496,52.074405670166,2007,2024,12,14,waste_transfers; ied_installations,3166.730920170573,3.167,1-10 km,major_river_line,River_Net_l,RL36019292,WARTA OD LUTYNI DO MOSKAWY,BH140,PL,6.0,1.0,,3166.730920170573,3.167,River_Net_l,RL36019292,WARTA OD LUTYNI DO MOSKAWY,35280.832962539986,35.281,Canals_l,CL36022972,,,,,,,PL.MŚ/000003838.INSTALLATION,3.0,Mineral industry,3(a),0,,,,,,26.428,Disposal; Recovery,HW,,,,functional,Combustion of fuels in installations with a total rated thermal input of 50 MW or more,BATCNOTYETADOPTED,
PL.MŚ/000003235.FACILITY,PL.MŚ/000003235.FACILITY,Kopalnia Gazu Ziemnego Załęcze - Ośrodek Grupowy Borzęcin,Karnice,Poland,16.8386116027832,51.4713897705078,2009,2024,16,22,waste_transfers; ied_installations,3238.1629056035345,3.238,1-10 km,major_river_line,River_Net_l,RL36009101,BARYCZ OD SĄSIECZNICY DO ORLI,BH140,PL,5.0,1.0,,3238.1629056035345,3.238,River_Net_l,RL36009101,BARYCZ OD SĄSIECZNICY DO ORLI,49847.92774340865,49.848,Canals_l,CL36022972,,,,,,,PL.MŚ/000003865.INSTALLATION,3.0,Mineral industry,3(a),0,,,,,,380.287,Disposal; Recovery,HW,,,,functional,Combustion of fuels in installations with a total rated thermal input of 50 MW or more,BATCNOTYETADOPTED,
PL.EEA/15P003523.FACILITY,PL.EEA/15P003523.FACILITY,CREATON Polska Sp. z o.o,Widziszewo,Poland,16.35152,52.02249,2013,2016,4,4,waste_transfers,3649.5470331874103,3.65,1-10 km,canal_line,Canals_l,CL36022928,,BH020,PL,3.0,,,36059.48868996914,36.059,River_Net_l,RL36011089,ZBĄSZYŃSKIE,3649.5470331874103,3.65,Canals_l,CL36022928,,,,,,,,3.0,Mineral industry,3(g),0,,,,,,38730.1,Disposal; Recovery,HW; NONHW,,,,,,,
PL.MŚ/000000109.FACILITY,PL.MŚ/000000109.FACILITY,Trzuskawica Spółka Akcyjna Zakład Kujawy,Piechcin,Poland,18.0081462860107,52.8271408081055,2007,2024,18,27,air_releases; waste_transfers; ied_installations,3677.810474383819,3.678,1-10 km,major_river_line,River_Net_l,RL36021481,NOTEĆ OD MAŁEJ NOTECI DO JEZIORA WOLICKIEGO,BH140,PL,5.0,1.0,,3677.810474383819,3.678,River_Net_l,RL36021481,NOTEĆ OD MAŁEJ NOTECI DO JEZIORA WOLICKIEGO,16604.273102831787,16.604,Canals_l,CL36022970,,,,,,,PL.MŚ/000000183.INSTALLATION,3.0,Mineral industry,3(c),3,Cadmium and compounds (as Cd); Carbon dioxide (CO2); Nickel and compounds (as Ni),Carbon dioxide (CO2),3195000302.5,,,6.71,Recovery,HW,,,,functional,Production of lime in kilns with a production capacity exceeding 50 tonnes per day,CLM,
PL.MŚ/000003231.FACILITY,PL.MŚ/000003231.FACILITY,Kopalnia Gazu Ziemnego Załęcze,Wodniki,Poland,16.7616062164307,51.5908279418945,2007,2024,18,24,waste_transfers; ied_installations,3898.4182235263834,3.898,1-10 km,major_river_line,River_Net_l,RL36009276,ORLA OD RDĘCY DO BARYCZY,BH140,PL,5.0,1.0,,3898.4182235263834,3.898,River_Net_l,RL36009276,ORLA OD RDĘCY DO BARYCZY,37709.94453215088,37.71,Canals_l,CL36022972,,,,,,,PL.MŚ/000003861.INSTALLATION,3.0,Mineral industry,3(a),0,,,,,,198.34,Disposal; Recovery,HW,,,,functional,Combustion of fuels in installations with a total rated thermal input of 50 MW or more,BATCNOTYETADOPTED,
PL.MŚ/000003214.FACILITY,PL.MŚ/000003214.FACILITY,Kopalnia Gazu Ziemnego Żuchlów,Stara Góra,Poland,16.5004138946533,51.6608619689941,2007,2024,18,24,waste_transfers; ied_installations,4016.2278078580016,4.016,1-10 km,major_river_line,River_Net_l,RL36002117,BARYCZ OD ORLI DO ODRY,BH140,PL,5.0,1.0,,4016.2278078580016,4.016,River_Net_l,RL36002117,BARYCZ OD ORLI DO ODRY,37757.16776930474,37.757,Canals_l,CL36022972,,,,,,,PL.MŚ/000003844.INSTALLATION,3.0,Mineral industry,3(a),0,,,,,,362.83,Disposal; Recovery,HW,,,,functional,Combustion of fuels in installations with a total rated thermal input of 50 MW or more,BATCNOTYETADOPTED,
PL.EEA/15P003699.FACILITY,PL.EEA/15P003699.FACILITY,Ośrodek Grupowy Lubiatów II,-,Poland,15.854858,52.659687,2015,2015,1,1,waste_transfers,4056.3745895271,4.056,1-10 km,major_river_line,River_Net_l,RL36012492,WARTA OD KAMIONKI DO OBRY,BH140,PL,6.0,1.0,,4056.3745895271,4.056,River_Net_l,RL36012492,WARTA OD KAMIONKI DO OBRY,,,,,,,,,,,,3.0,Mineral industry,3(a),0,,,,,,16.9,Disposal,HW,,,,,,,
PL.EEA/16Z000646.FACILITY,PL.EEA/16Z000646.FACILITY,"Polskie Górnictwo Naftowe i Gazownictwo S.A. Oddział w Zielonej Górze, Kopalnia Ropy Naftowej i Gazu Ziemnego Karlino",Karlinko,Poland,15.929483,54.059653,2011,2011,1,1,waste_transfers,4056.560821783671,4.057,1-10 km,major_river_line,River_Net_l,RL36018480,PARSĘTA OD RADWI DO WIELKIEGO ROWU,BH140,PL,5.0,1.0,,4056.560821783671,4.057,River_Net_l,RL36018480,PARSĘTA OD RADWI DO WIELKIEGO ROWU,24203.167945296784,24.203,Canals_l,CL36023002,,20684.11729515574,20.684,Coastal_p,CO36000002,PLCWIIWB8,,3.0,Mineral industry,3(a),0,,,,,,7.04,Disposal,HW,,,,,,,
PL.MŚ/000001996.FACILITY,PL.MŚ/000001996.FACILITY,"Ceramika Tubądzin III spółka z ograniconą odpowiedzialnością, spółka komandytowa",Sieradz,Poland,18.6729717254639,51.5931282043457,2017,2024,8,19,waste_transfers; ied_installations; air_releases,4260.841802586675,4.261,1-10 km,major_river_line,River_Net_l,RL36009979,WARTA OD ŻEGLINY DO WPŁYWU DO ZBIORNIKA JEZIORSKO,BH140,PL,5.0,1.0,,4260.841802586675,4.261,River_Net_l,RL36009979,WARTA OD ŻEGLINY DO WPŁYWU DO ZBIORNIKA JEZIORSKO,43512.55802982711,43.513,Canals_l,CL36022978,,,,,,,PL.MŚ/000002623.INSTALLATION,3.0,Mineral industry,3(g),1,Hydrochlorofluorocarbons (HCFCs),Hydrochlorofluorocarbons (HCFCs),63.0,,,67399.85,Disposal; Recovery,HW; NONHW,,,,functional,"Manufacture of ceramic products by firing, in particular roofing tiles, bricks, refractory bricks, tiles, stoneware or porcelain with a production capacity exceeding 75 tonnes per day and/or with a kiln capacity exceeding 4 m3 and with a setting density per kiln exceeding 300 kg/m3",NOBATCAPPLICABLE,
PL.MŚ/000000741.FACILITY,PL.MŚ/000000741.FACILITY,GUARDIAN CZĘSTOCHOWA Sp. z o. o.,Częstochowa,Poland,19.1899871826172,50.780345916748,2007,2024,18,42,air_releases; waste_transfers; ied_installations,4319.5366611617565,4.32,1-10 km,major_river_line,River_Net_l,RL36007205,WARTA OD ZBIORNIKA PORAJ DO CIEKU SPOD RUDNIK,BH140,PL,5.0,1.0,,4319.5366611617565,4.32,River_Net_l,RL36007205,WARTA OD ZBIORNIKA PORAJ DO CIEKU SPOD RUDNIK,24222.825917623053,24.223,Canals_l,CL36022975,,,,,,,PL.MŚ/000001081.INSTALLATION,3.0,Mineral industry,3(e),7,Ammonia (NH3); Carbon dioxide (CO2); Chlorine and inorganic compounds (as HCl); Fluorine and inorganic compounds (as HF); Nitrogen oxides (NOX); Particulate matter (PM10); Sulphur oxides (SOX),Carbon dioxide (CO2); Nitrogen oxides (NOX); Sulphur oxides (SOX),2768228240.0,,,57233.47,Disposal; Recovery,HW; NONHW,,,,functional,Manufacture of glass including glass fibre with a melting capacity exceeding 20 tonnes per day,GLS,
PL.MŚ/000000437.FACILITY,PL.MŚ/000000437.FACILITY,Ardagh Glass S.A.,Gostyń,Poland,17.0039615631104,51.8856391906738,2007,2024,18,48,air_releases; waste_transfers; ied_installations,4373.659701882631,4.374,1-10 km,canal_line,Canals_l,CL36022972,,BH020,PL,-9999.0,,,22484.156077845364,22.484,River_Net_l,RL36019138,WARTA OD PYSZĄCEJ DO KOPLI,4373.659701882631,4.374,Canals_l,CL36022972,,,,,,,PL.MŚ/000000679.INSTALLATION; PL.MŚ/000002816.INSTALLATION,3.0,Mineral industry,3(e),7,Arsenic and compounds (as As); Chromium and compounds (as Cr); Copper and compounds (as Cu); Lead and compounds (as Pb); Nitrogen oxides (NOX); Particulate matter (PM10); Sulphur oxides (SOX),Nitrogen oxides (NOX),10841674.4,,,5497.32,Disposal; Recovery,HW; NONHW,,,,functional,Manufacture of glass including glass fibre with a melting capacity exceeding 20 tonnes per day,BATCNOTYETADOPTED; GLS,
PL.MŚ/000002576.FACILITY,PL.MŚ/000002576.FACILITY,"Kopalnia Gipsu i Anhydrytu ""Nowy Ląd"" Sp. z o.o. w Niwnicach",Niwnice,Poland,15.4952392578125,51.1355056762695,2018,2024,7,10,waste_transfers; ied_installations,4522.326261788262,4.522,1-10 km,major_river_line,River_Net_l,RL36001075,PLRW60008163759,BH140,PL,5.0,1.0,,4522.326261788262,4.522,River_Net_l,RL36001075,PLRW60008163759,,,,,,,,,,,PL.MŚ/000003206.INSTALLATION,3.0,Mineral industry,3(a),0,,,,,,14.42,Disposal; Recovery,HW,,,,functional,Combustion of fuels in installations with a total rated thermal input of 50 MW or more,BATCNOTYETADOPTED,
PL.MŚ/000004896.FACILITY,PL.MŚ/000004896.FACILITY,PGNiG S.A. Oddział w Zielonej Górze - Ośrodek Produkcyjny Cychry,Bogusław,Poland,14.758364,52.679285,2020,2021,2,2,waste_transfers,4527.243950458179,4.527,1-10 km,canal_line,Canals_l,CL36022968,,BH020,PL,-9999.0,,,8380.801381494239,8.381,River_Net_l,RL36012337,WARTA OD NOTECI DO UJŚCIA,4527.243950458179,4.527,Canals_l,CL36022968,,,,,,,,3.0,Mineral industry,3(a),0,,,,,,23.8,Disposal,HW,,,,,,,
PL.EEA/01D001460.FACILITY,PL.EEA/01D001460.FACILITY,"Kopalnia Gipsu i Anhydrytu ""Nowy Ląd"" Sp. z o.o., Pole ""Nowy Ląd"" i Pole ""Radłówka""",Niwnice,Poland,15.495,51.134722,2007,2010,3,3,waste_transfers,4568.473977824316,4.568,1-10 km,major_river_line,River_Net_l,RL36001075,PLRW60008163759,BH140,PL,5.0,1.0,,4568.473977824316,4.568,River_Net_l,RL36001075,PLRW60008163759,,,,,,,,,,,,3.0,Mineral industry,3(a),0,,,,,,32413.9,Disposal; Recovery,HW; NONHW,,,,,,,
PL.MŚ/000003215.FACILITY,PL.MŚ/000003215.FACILITY,Kopalnia Gazu Ziemnego Wilków,Gola,Poland,16.1912155151367,51.7353591918945,2007,2024,17,23,waste_transfers; ied_installations,4768.428942351986,4.768,1-10 km,major_river_line,River_Net_l,RL36002241,ODRA OD WAŁÓW ŚLĄSKICH DO KANAŁU WSCHODNIEGO,BH140,PL,6.0,1.0,,4768.428942351986,4.768,River_Net_l,RL36002241,ODRA OD WAŁÓW ŚLĄSKICH DO KANAŁU WSCHODNIEGO,30855.853324996755,30.856,Canals_l,CL36022927,,,,,,,PL.MŚ/000003845.INSTALLATION,3.0,Mineral industry,3(a),0,,,,,,135.009,Disposal; Recovery,HW,,,,functional,Combustion of fuels in installations with a total rated thermal input of 50 MW or more,BATCNOTYETADOPTED,
PL.MŚ/000000629.FACILITY,PL.MŚ/000000629.FACILITY,Zaklady Wapiennicze Lhoist S.A. Jednostka Produkcyjna w Częstochowie,Częstochowa,Poland,19.0974597930908,50.763069152832,2007,2024,17,25,air_releases; ied_installations,4788.966618832984,4.789,1-10 km,major_river_line,River_Net_l,RL36007141,WARTA OD ZBIORNIKA PORAJ DO CIEKU SPOD RUDNIK,BH140,PL,5.0,1.0,,4788.966618832984,4.789,River_Net_l,RL36007141,WARTA OD ZBIORNIKA PORAJ DO CIEKU SPOD RUDNIK,31021.28078847533,31.021,Canals_l,CL36022975,,,,,,,PL.MŚ/000000918.INSTALLATION,3.0,Mineral industry,3(c),3,Carbon dioxide (CO2); Carbon monoxide (CO); Particulate matter (PM10),Carbon dioxide (CO2); Carbon monoxide (CO),1337544200.0,,,,,,,,,functional,Production of lime in kilns with a production capacity exceeding 50 tonnes per day,CLM,
PL.MŚ/000000190.FACILITY,PL.MŚ/000000190.FACILITY,CEMEX Polska Sp. z o.o. - Zakład Cementownia Rudniki,Rudniki,Poland,19.2573299407959,50.8750915527344,2007,2024,18,48,air_releases; waste_transfers; ied_installations; ied_wi_cowi,4945.85563223979,4.946,1-10 km,major_river_line,River_Net_l,RL36007330,WARTA OD ZBIORNIKA PORAJ DO CIEKU SPOD RUDNIK,BH140,PL,5.0,1.0,,4945.85563223979,4.946,River_Net_l,RL36007330,WARTA OD ZBIORNIKA PORAJ DO CIEKU SPOD RUDNIK,16995.92086205164,16.996,Canals_l,CL36022940,,,,,,,PL.MŚ/000000289.INSTALLATION; PL.MŚ/000000129.PART; PL.MŚ/000000346.PART,3.0,Mineral industry,3(c),15,Ammonia (NH3); Anthracene; Benzene; Carbon dioxide (CO2); Carbon monoxide (CO); Chromium and compounds (as Cr); Di-(2-ethyl hexyl) phthalate (DEHP); Hydrogen cyanide (HCN); Mercury and compounds (as Hg); Naphthalene; Nitrogen oxides (NOX); Nitrous oxide (N2O); Polycyclic aromatic hydrocarbons (PAHs); Sulphur oxides (SOX); Zinc and compounds (as Zn),Anthracene; Benzene; Carbon dioxide (CO2); Di-(2-ethyl hexyl) phthalate (DEHP); Hydrogen cyanide (HCN); Mercury and compounds (as Hg); Naphthalene; Nitrogen oxides (NOX); Polycyclic aromatic hydrocarbons (PAHs),6351466138.5,,,21052.19,Disposal; Recovery,HW; NONHW,,,,functional,Production of cement clinker in rotary kilns with a production capacity exceeding 500 tonnes per day or in other kilns with a production capacity exceeding 50 tonnes per day,NOBATCAPPLICABLE,23.06
PL.MŚ/000000347.FACILITY,PL.MŚ/000000347.FACILITY,"Zakłady Chemiczne ""Rudniki"" S.A.",Rudniki,Poland,19.2200012207031,50.8730545043945,2007,2024,16,37,air_releases; waste_transfers; ied_installations,5002.023293332145,5.002,1-10 km,major_river_line,River_Net_l,RL36007205,WARTA OD ZBIORNIKA PORAJ DO CIEKU SPOD RUDNIK,BH140,PL,5.0,1.0,,5002.023293332145,5.002,River_Net_l,RL36007205,WARTA OD ZBIORNIKA PORAJ DO CIEKU SPOD RUDNIK,19377.040277453933,19.377,Canals_l,CL36022940,,,,,,,PL.MŚ/000000537.INSTALLATION,3.0,Mineral industry,3(e),2,Nitrogen oxides (NOX); Particulate matter (PM10),Nitrogen oxides (NOX),3253900.0,,,106.7,Disposal; Recovery,HW,,,,functional,Manufacture of glass including glass fibre with a melting capacity exceeding 20 tonnes per day,GLS,
PL.MŚ/000002100.FACILITY,PL.MŚ/000002100.FACILITY,"Górażdże Cement S.A. - Kopalnia Wapienia ""Górażdże""",Górażdże,Poland,18.0279998779297,50.5276947021484,2009,2024,15,21,waste_transfers; ied_installations,5005.455894466689,5.005,1-10 km,major_river_line,River_Net_l,RL36005804,ODRA OD OSOBŁOGI DO MAŁEJ PANWI,BH140,PL,5.0,1.0,,5005.455894466689,5.005,River_Net_l,RL36005804,ODRA OD OSOBŁOGI DO MAŁEJ PANWI,20257.774790210584,20.258,Canals_l,CL36022948,,,,,,,PL.MŚ/000002730.INSTALLATION,3.0,Mineral industry,3(b),0,,,,,,3286.638,Disposal; Recovery,HW; NONHW,,,,functional,Production of cement clinker in rotary kilns with a production capacity exceeding 500 tonnes per day or in other kilns with a production capacity exceeding 50 tonnes per day,BATCNOTYETADOPTED,
PL.MŚ/000002308.FACILITY,PL.MŚ/000002308.FACILITY,Zakłady Wapiennicze Lhoist S.A. Jednostka Produkcyjna w Górażdżach-Zakład Nowy,Górażdże,Poland,18.0278968811035,50.5266761779785,2007,2024,18,24,air_releases; ied_installations,5009.712400525516,5.01,1-10 km,major_river_line,River_Net_l,RL36005804,ODRA OD OSOBŁOGI DO MAŁEJ PANWI,BH140,PL,5.0,1.0,,5009.712400525516,5.01,River_Net_l,RL36005804,ODRA OD OSOBŁOGI DO MAŁEJ PANWI,20156.17602638497,20.156,Canals_l,CL36022948,,,,,,,PL.MŚ/000002938.INSTALLATION,3.0,Mineral industry,3(c),2,Carbon dioxide (CO2); Carbon monoxide (CO),Carbon dioxide (CO2),3582510000.0,,,,,,,,,functional,Production of lime in kilns with a production capacity exceeding 50 tonnes per day,CLM,
PL.EEA/01D000544.FACILITY,PL.EEA/01D000544.FACILITY,Polskie Górnictwo Naftowe i Gazownictwo S.A.  Ośrodek Grupowy Wiewierz,Czarnoborsko,Poland,16.691872,51.613482,2014,2016,2,2,waste_transfers,5055.086244542937,5.055,1-10 km,major_river_line,River_Net_l,RL36009327,BARYCZ OD ORLI DO ODRY,BH140,PL,5.0,1.0,,5055.086244542937,5.055,River_Net_l,RL36009327,BARYCZ OD ORLI DO ODRY,36439.5624549659,36.44,Canals_l,CL36022972,,,,,,,,3.0,Mineral industry,3(a),0,,,,,,8.290000000000001,Disposal; Recovery,HW,,,,,,,
PL.MŚ/000001572.FACILITY,PL.MŚ/000001572.FACILITY,Podziemny Magazyn Gazu Wierzchowice - Ośrodek Grupowy W,Wierzchowice,Poland,17.3343677520752,51.492073059082,2007,2024,15,16,waste_transfers; ied_installations,5130.264017361955,5.13,1-10 km,major_river_line,River_Net_l,RL36009296,BARYCZ OD DĄBRÓWKI DO SĄSIECZNICY,BH140,PL,5.0,1.0,,5130.264017361955,5.13,River_Net_l,RL36009296,BARYCZ OD DĄBRÓWKI DO SĄSIECZNICY,,,,,,,,,,,PL.MŚ/000002170.INSTALLATION,3.0,Mineral industry,3(a),0,,,,,,102.276,Disposal; Recovery,HW,,,,functional,Combustion of fuels in installations with a total rated thermal input of 50 MW or more,BATCNOTYETADOPTED,
PL.MŚ/000004419.FACILITY,PL.MŚ/000004419.FACILITY,Strefa Przyodwiertowa Lubiatów-4 - instalacja PRTR - main - dodane w resubmission 2018,brak,Poland,15.84081,52.6746,2019,2024,6,7,ied_installations; waste_transfers,5205.654135057785,5.206,1-10 km,major_river_line,River_Net_l,RL36012492,WARTA OD KAMIONKI DO OBRY,BH140,PL,6.0,1.0,,5205.654135057785,5.206,River_Net_l,RL36012492,WARTA OD KAMIONKI DO OBRY,,,,,,,,,,,PL.MŚ/000005075.INSTALLATION,3.0,Mineral industry,3(a),0,,,,,,16.3,Disposal,HW,,,,functional,Combustion of fuels in installations with a total rated thermal input of 50 MW or more,BATCNOTYETADOPTED,
PL.EEA/15P003509.FACILITY,PL.EEA/15P003509.FACILITY,"Polskie Górnictwo Naftowe i Gazownictwo S.A. Oddział w Zielonej Górze, Ośrodek Grupowy Winna Góra",Białe Piątkowo,Poland,17.436959,52.168158,2016,2016,1,1,waste_transfers,5287.083842422846,5.287,1-10 km,major_river_line,River_Net_l,RL36019366,WARTA OD PROSNY DO LUTYNI,BH140,PL,6.0,1.0,,5287.083842422846,5.287,River_Net_l,RL36019366,WARTA OD PROSNY DO LUTYNI,39285.98951502296,39.286,Canals_l,CL36022972,,,,,,,,3.0,Mineral industry,3(a),0,,,,,,3.55,Disposal,HW,,,,,,,
PL.MŚ/000003300.FACILITY,PL.MŚ/000003300.FACILITY,Kopalnia Gazu Ziemnego Radlin - Ośrodek Produkcyjny Winna Góra,Białe Piątkowo,Poland,17.4369010925293,52.1681976318359,2019,2024,6,8,waste_transfers; ied_installations,5292.805676309128,5.293,1-10 km,major_river_line,River_Net_l,RL36019366,WARTA OD PROSNY DO LUTYNI,BH140,PL,6.0,1.0,,5292.805676309128,5.293,River_Net_l,RL36019366,WARTA OD PROSNY DO LUTYNI,39285.99765435453,39.286,Canals_l,CL36022972,,,,,,,PL.MŚ/000003930.INSTALLATION,3.0,Mineral industry,3(a),0,,,,,,9.45,Disposal; Recovery,HW,,,,functional,Combustion of fuels in installations with a total rated thermal input of 50 MW or more,BATCNOTYETADOPTED,
PL.MŚ/000003216.FACILITY,PL.MŚ/000003216.FACILITY,Kopalnia Gazu Ziemnego Wielichowo,Łubnica,Poland,16.373607635498,52.1571159362793,2019,2024,6,9,waste_transfers; ied_installations,5414.245726590986,5.414,1-10 km,canal_line,Canals_l,CL36022938,,BH020,PL,4.0,,,31763.70602425802,31.764,River_Net_l,RL36011214,OBRA OD KAN. DZWIŃSKIEGO DO CZARNEJ WODY,5414.245726590986,5.414,Canals_l,CL36022938,,,,,,,PL.MŚ/000003846.INSTALLATION,3.0,Mineral industry,3(a),0,,,,,,40.316,Disposal; Recovery,HW,,,,functional,Combustion of fuels in installations with a total rated thermal input of 50 MW or more,BATCNOTYETADOPTED,
PL.EEA/16Z000638.FACILITY,PL.EEA/16Z000638.FACILITY,"Polskie Górnictwo Naftowe i Gazownictwo S.A. Oddział w Zielonej Górze, Ekspedyt Ropy Naftowej Jarszewo",Miłachowo,Poland,14.785686,53.942625,2013,2013,1,1,waste_transfers,5561.081463242747,5.561,1-10 km,major_river_line,River_Net_l,RL36018160,ZALEW KAMIEŃSKI,BH140,PL,7.0,1.0,,5561.081463242747,5.561,River_Net_l,RL36018160,ZALEW KAMIEŃSKI,,,,,,9570.608188679733,9.571,Coastal_p,CO36000001,PLCWIIIWB9,,3.0,Mineral industry,3(a),0,,,,,,6.52,Disposal,HW,,,,,,,
PL.MŚ/000003196.FACILITY,PL.MŚ/000003196.FACILITY,Ekspedyt Ropy Naftowej Jarszewo - kotłownia zakładowa,Miłachowo,Poland,14.7856864929199,53.942626953125,2019,2024,6,7,ied_installations; waste_transfers,5561.122452890316,5.561,1-10 km,major_river_line,River_Net_l,RL36018160,ZALEW KAMIEŃSKI,BH140,PL,7.0,1.0,,5561.122452890316,5.561,River_Net_l,RL36018160,ZALEW KAMIEŃSKI,,,,,,9570.44239528232,9.57,Coastal_p,CO36000001,PLCWIIIWB9,PL.MŚ/000003826.INSTALLATION,3.0,Mineral industry,3(a),0,,,,,,14.0,Recovery,HW,,,,functional,Combustion of fuels in installations with a total rated thermal input of 50 MW or more,BATCNOTYETADOPTED,
PL.MŚ/000003227.FACILITY,PL.MŚ/000003227.FACILITY,Kopalnia Ropy Naftowej i Gazu Ziemnego Radoszyn - Ośrodek Produkcyjny Mozów-2,Laskowo,Poland,15.5424642562866,52.087760925293,2018,2024,7,8,waste_transfers; ied_installations,5567.338752840423,5.567,1-10 km,major_river_line,River_Net_l,RL36003065,ODRA OD CZARNEJ STRUGI DO NYSY ŁUŻYCKIEJ,BH140,PL,6.0,1.0,,5567.338752840423,5.567,River_Net_l,RL36003065,ODRA OD CZARNEJ STRUGI DO NYSY ŁUŻYCKIEJ,24457.032493714007,24.457,Canals_l,CL36022958,,,,,,,PL.MŚ/000003857.INSTALLATION,3.0,Mineral industry,3(a),0,,,,,,13.2,Disposal,HW,,,,functional,Combustion of fuels in installations with a total rated thermal input of 50 MW or more,BATCNOTYETADOPTED,
PL.MŚ/000003246.FACILITY,PL.MŚ/000003246.FACILITY,Terminal Ekspedycyjny Wierzbno,Wierzbno,Poland,15.7865333557129,52.5705261230469,2008,2024,17,20,waste_transfers; ied_installations,5594.435089422057,5.594,1-10 km,major_river_line,River_Net_l,RL36012486,WARTA OD KAMIONKI DO OBRY,BH140,PL,6.0,1.0,,5594.435089422057,5.594,River_Net_l,RL36012486,WARTA OD KAMIONKI DO OBRY,49405.40549009509,49.405,Canals_l,CL36022958,,,,,,,PL.MŚ/000003876.INSTALLATION,3.0,Mineral industry,3(a),0,,,,,,548.938,Disposal; Recovery,HW,,,,functional,Combustion of fuels in installations with a total rated thermal input of 50 MW or more,BATCNOTYETADOPTED,
PL.MŚ/000000951.FACILITY,PL.MŚ/000000951.FACILITY,Zakład Produkcyjny Antoninek,Poznań,Poland,17.033332824707,52.4000015258789,2007,2024,18,42,air_releases; waste_transfers; ied_installations,5693.320435338938,5.693,1-10 km,major_river_line,River_Net_l,RL36020234,WARTA OD CYBINY DO RÓŻANEGO POTOKU,BH140,PL,6.0,1.0,,5693.320435338938,5.693,River_Net_l,RL36020234,WARTA OD CYBINY DO RÓŻANEGO POTOKU,30068.98462706006,30.069,Canals_l,CL36022926,,,,,,,PL.MŚ/000003245.INSTALLATION,3.0,Mineral industry,3(e),4,Copper and compounds (as Cu); Lead and compounds (as Pb); Nitrogen oxides (NOX); Particulate matter (PM10),Copper and compounds (as Cu); Nitrogen oxides (NOX),5774693.0,,,424.5,Disposal; Recovery,HW,,,,functional,"Intensive rearing of pigs with more than 2,000 places for production pigs (over 30 kg)",GLS,
PL.EEA/15P003498.FACILITY,PL.EEA/15P003498.FACILITY,"Polskie Górnictwo naftowe i Gazownictwo S.A. Oddział w Zielonej Górze, Kopalnia Gazu Ziemnego Wielichowo",Łubnica,Poland,16.368863,52.158939,2012,2015,3,3,waste_transfers,5712.590848213549,5.713,1-10 km,canal_line,Canals_l,CL36022938,,BH020,PL,4.0,,,31395.530240792963,31.396,River_Net_l,RL36011214,OBRA OD KAN. DZWIŃSKIEGO DO CZARNEJ WODY,5712.590848213549,5.713,Canals_l,CL36022938,,,,,,,,3.0,Mineral industry,3(a),0,,,,,,14.7668,Disposal; Recovery,HW,,,,,,,
PL.MŚ/000003829.FACILITY,PL.MŚ/000003829.FACILITY,"PAK Kopalnia Węgla Brunatnego Adamów S.A., Odkrywka Adamów",Warenka,Poland,18.636111,52.015278,2007,2024,18,34,water_releases; waste_transfers; ied_installations,5737.262054665292,5.737,1-10 km,major_river_line,River_Net_l,RL36019612,WARTA OD SIEKIERNIKA DO NERU,BH140,PL,5.0,1.0,,5737.262054665292,5.737,River_Net_l,RL36019612,WARTA OD SIEKIERNIKA DO NERU,46354.07227846061,46.354,Canals_l,CL36022978,,,,,,,PL.MŚ/000004485.INSTALLATION,3.0,Mineral industry,3(b),8,Arsenic and compounds (as As); Cadmium and compounds (as Cd); Chromium and compounds (as Cr); Copper and compounds (as Cu); Lead and compounds (as Pb); Nickel and compounds (as Ni); Total organic carbon(as total C or COD/3) (TOC); Zinc and compounds (as Zn),Total organic carbon(as total C or COD/3) (TOC),,3095728.21,,5641.92,Disposal,HW; NONHW,,,,functional,Production of cement clinker in rotary kilns with a production capacity exceeding 500 tonnes per day or in other kilns with a production capacity exceeding 50 tonnes per day,BATCNOTYETADOPTED,
PL.MŚ/000000200.FACILITY,PL.MŚ/000000200.FACILITY,Zakład Gnaszyn,Częstochowa,Poland,19.0491962432861,50.7979927062988,2011,2024,13,18,air_releases; waste_transfers; ied_installations,5744.127554684477,5.744,1-10 km,major_river_line,River_Net_l,RL36007141,WARTA OD ZBIORNIKA PORAJ DO CIEKU SPOD RUDNIK,BH140,PL,5.0,1.0,,5744.127554684477,5.744,River_Net_l,RL36007141,WARTA OD ZBIORNIKA PORAJ DO CIEKU SPOD RUDNIK,33575.43716426155,33.575,Canals_l,CL36022975,,,,,,,PL.MŚ/000000308.INSTALLATION,3.0,Mineral industry,3(b),2,Hydrochlorofluorocarbons (HCFCs); Sulphur oxides (SOX),Hydrochlorofluorocarbons (HCFCs),540004.0,,,15.04,Recovery,HW,,,,functional,"Manufacture of ceramic products by firing, in particular roofing tiles, bricks, refractory bricks, tiles, stoneware or porcelain with a production capacity exceeding 75 tonnes per day and/or with a kiln capacity exceeding 4 m3 and with a setting density per kiln exceeding 300 kg/m3",NOBATCAPPLICABLE,
PL.MŚ/000003198.FACILITY,PL.MŚ/000003198.FACILITY,Kopalnia Ropy Naftowej i Gazu Ziemnego Radoszyn - OP Kije,Kije,Poland,15.5547389984131,52.087760925293,2018,2023,6,6,waste_transfers; ied_installations,5878.413106221482,5.878,1-10 km,major_river_line,River_Net_l,RL36003065,ODRA OD CZARNEJ STRUGI DO NYSY ŁUŻYCKIEJ,BH140,PL,6.0,1.0,,5878.413106221482,5.878,River_Net_l,RL36003065,ODRA OD CZARNEJ STRUGI DO NYSY ŁUŻYCKIEJ,23633.905176363773,23.634,Canals_l,CL36022958,,,,,,,PL.MŚ/000003828.INSTALLATION,3.0,Mineral industry,3(a),0,,,,,,22.6,Disposal,HW,,,,decommissioned; functional,Combustion of fuels in installations with a total rated thermal input of 50 MW or more,BATCNOTYETADOPTED,
PL.EEA/04F000558.FACILITY,PL.EEA/04F000558.FACILITY,"Polskie Górnictwo Naftowe i Gazownictwo S.A., Kopalnia Ropy Naftowej Kije",Kije,Poland,15.554738,52.087765,2012,2016,3,3,waste_transfers,5878.792704824268,5.879,1-10 km,major_river_line,River_Net_l,RL36003065,ODRA OD CZARNEJ STRUGI DO NYSY ŁUŻYCKIEJ,BH140,PL,6.0,1.0,,5878.792704824268,5.879,River_Net_l,RL36003065,ODRA OD CZARNEJ STRUGI DO NYSY ŁUŻYCKIEJ,23633.87760395644,23.634,Canals_l,CL36022958,,,,,,,,3.0,Mineral industry,3(a),0,,,,,,13.034,Disposal; Recovery,HW,,,,,,,
PL.MŚ/000001651.FACILITY,PL.MŚ/000001651.FACILITY,Podziemny Magazyn Gazu Wierzchowice,Czarnogoździce,Poland,17.3072242736816,51.4752159118652,2018,2024,7,11,waste_transfers; ied_installations,6060.25624939384,6.06,1-10 km,major_river_line,River_Net_l,RL36009296,BARYCZ OD DĄBRÓWKI DO SĄSIECZNICY,BH140,PL,5.0,1.0,,6060.25624939384,6.06,River_Net_l,RL36009296,BARYCZ OD DĄBRÓWKI DO SĄSIECZNICY,,,,,,,,,,,PL.MŚ/000002256.INSTALLATION,3.0,Mineral industry,3(a),0,,,,,,52.36,Disposal; Recovery,HW,,,,functional,Combustion of fuels in installations with a total rated thermal input of 50 MW or more,BATCNOTYETADOPTED,
PL.EEA/01D003573.FACILITY,PL.EEA/01D003573.FACILITY,"Polskie Górnictwo Naftowe i Gazownictwo S.A
 Podziemny Magazyn Gazu - OC",Wierzchowice,Poland,17.30664572,51.474710524,2015,2016,2,2,waste_transfers,6106.961805632182,6.107,1-10 km,major_river_line,River_Net_l,RL36009296,BARYCZ OD DĄBRÓWKI DO SĄSIECZNICY,BH140,PL,5.0,1.0,,6106.961805632182,6.107,River_Net_l,RL36009296,BARYCZ OD DĄBRÓWKI DO SĄSIECZNICY,,,,,,,,,,,,3.0,Mineral industry,3(a),0,,,,,,12.562,Disposal; Recovery,HW,,,,,,,
PL.MŚ/000003581.FACILITY,PL.MŚ/000003581.FACILITY,Odkrywka Drzewce,Szarłatów,Poland,18.5227756500244,52.2762680053711,2007,2024,18,28,water_releases; waste_transfers; ied_installations,6587.854777943649,6.588,1-10 km,major_river_line,River_Net_l,RL36019875,WARTA OD TELESZYNY DO TOPCA,BH140,PL,5.0,1.0,,6587.854777943649,6.588,River_Net_l,RL36019875,WARTA OD TELESZYNY DO TOPCA,,,,,,,,,,,PL.MŚ/000004211.INSTALLATION,3.0,Mineral industry,3(b),11,Arsenic and compounds (as As); Cadmium and compounds (as Cd); Chromium and compounds (as Cr); Copper and compounds (as Cu); Lead and compounds (as Pb); Mercury and compounds (as Hg); Nickel and compounds (as Ni); Total nitrogen; Total organic carbon(as total C or COD/3) (TOC); Total phosphorus; Zinc and compounds (as Zn),Mercury and compounds (as Hg); Total nitrogen; Total organic carbon(as total C or COD/3) (TOC),,1116176.51,,81.744,Disposal; Recovery,HW,,,,functional,Production of cement clinker in rotary kilns with a production capacity exceeding 500 tonnes per day or in other kilns with a production capacity exceeding 50 tonnes per day,BATCNOTYETADOPTED,
PL.MŚ/000000172.FACILITY,PL.MŚ/000000172.FACILITY,Zakład Isover w Gliwicach,Gliwice,Poland,18.6727905273438,50.269416809082,2007,2024,18,52,air_releases; waste_transfers; ied_installations,6702.580210102502,6.703,1-10 km,canal_line,Canals_l,CL36022985,,BH020,PL,-9999.0,,,29319.275840155733,29.319,River_Net_l,RL36004976,ODRA OD WYPŁYWU ZE ZB. POLDER BUKÓW DO KANAŁU GLIWICKIEGO,6702.580210102502,6.703,Canals_l,CL36022985,,,,,,,PL.MŚ/000000270.INSTALLATION; PL.MŚ/000000269.INSTALLATION,3.0,Mineral industry,3(e),4,Ammonia (NH3); Chlorine and inorganic compounds (as HCl); Nitrogen oxides (NOX); Particulate matter (PM10),Ammonia (NH3); Nitrogen oxides (NOX),3209300.0,,,274797.57,Disposal; Recovery,HW; NONHW,,,,functional,Manufacture of glass including glass fibre with a melting capacity exceeding 20 tonnes per day; Melting mineral substances including the production of mineral fibres with a melting capacity exceeding 20 tonnes per day,NOBATCAPPLICABLE,
PL.MŚ/000003211.FACILITY,PL.MŚ/000003211.FACILITY,Kopalnia Gazu Ziemnego Radlin - Ośrodek Centralny Radlin I,Pawłowice,Poland,17.5341014862061,52.0552024841309,2007,2024,15,21,waste_transfers; ied_installations,6846.952405690529,6.847,1-10 km,major_river_line,River_Net_l,RL36019292,WARTA OD LUTYNI DO MOSKAWY,BH140,PL,6.0,1.0,,6846.952405690529,6.847,River_Net_l,RL36019292,WARTA OD LUTYNI DO MOSKAWY,38124.68650264396,38.125,Canals_l,CL36022972,,,,,,,PL.MŚ/000003841.INSTALLATION,3.0,Mineral industry,3(a),0,,,,,,16142.722,Disposal; Recovery,HW; NONHW,,,,functional,Combustion of fuels in installations with a total rated thermal input of 50 MW or more,BATCNOTYETADOPTED,
PL.EEA/15P003703.FACILITY,PL.EEA/15P003703.FACILITY,Strefa Przyodwiertowa Sowia Góra-1,-,Poland,15.834612,52.695926,2015,2015,1,1,waste_transfers,7128.370084531788,7.128,1-10 km,major_river_line,River_Net_l,RL36012534,WARTA OD KAMIONKI DO OBRY,BH140,PL,6.0,1.0,,7128.370084531788,7.128,River_Net_l,RL36012534,WARTA OD KAMIONKI DO OBRY,,,,,,,,,,,,3.0,Mineral industry,3(a),0,,,,,,2.2,Disposal,HW,,,,,,,
PL.MŚ/000001071.FACILITY,PL.MŚ/000001071.FACILITY,Ceramika Tubądzin Spółka z ograniczoną odpowiedzialnością,Tubądzin,Poland,18.5627212524414,51.6540565490723,2008,2024,15,23,waste_transfers; ied_installations; air_releases,7159.046352201386,7.159,1-10 km,major_river_line,River_Net_l,RL36010028,WARTA OD ŻEGLINY DO WPŁYWU DO ZBIORNIKA JEZIORSKO,BH140,PL,5.0,1.0,,7159.046352201386,7.159,River_Net_l,RL36010028,WARTA OD ŻEGLINY DO WPŁYWU DO ZBIORNIKA JEZIORSKO,33877.647756766324,33.878,Canals_l,CL36022978,,,,,,,PL.MŚ/000001546.INSTALLATION,3.0,Mineral industry,3(g),1,Hydrochlorofluorocarbons (HCFCs),Hydrochlorofluorocarbons (HCFCs),3.5,,,3300.1285,Disposal; Recovery,HW; NONHW,,,,functional,"Manufacture of ceramic products by firing, in particular roofing tiles, bricks, refractory bricks, tiles, stoneware or porcelain with a production capacity exceeding 75 tonnes per day and/or with a kiln capacity exceeding 4 m3 and with a setting density per kiln exceeding 300 kg/m3",NOBATCAPPLICABLE,
PL.MŚ/000003522.FACILITY,PL.MŚ/000003522.FACILITY,Kopalnia Gazu Ziemnego Radlin - Strefa Przyodwiertowa Miłosław 4k,Miłosław,Poland,17.4888591766357,52.2092399597168,2022,2023,2,2,waste_transfers,7356.915022066582,7.357,1-10 km,major_river_line,River_Net_l,RL36019366,WARTA OD PROSNY DO LUTYNI,BH140,PL,6.0,1.0,,7356.915022066582,7.357,River_Net_l,RL36019366,WARTA OD PROSNY DO LUTYNI,44993.25674179196,44.993,Canals_l,CL36022972,,,,,,,,3.0,Mineral industry,3(a),0,,,,,,4.175,Disposal; Recovery,HW,,,,,,,
PL.EEA/16Z000670.FACILITY,PL.EEA/16Z000670.FACILITY,"Polskie Górnictwo Naftowe i Gazownictwo S.A. Oddział w Zielonej Górze, Ośrodek Produkcyjny Rekowo",Rekowo,Poland,14.796702,53.900242,2014,2017,3,3,waste_transfers,7432.051415929449,7.432,1-10 km,major_river_line,River_Net_l,RL36018151,ZALEW KAMIEŃSKI,BH140,PL,7.0,1.0,,7432.051415929449,7.432,River_Net_l,RL36018151,ZALEW KAMIEŃSKI,,,,,,14020.42560585206,14.02,Coastal_p,CO36000001,PLCWIIIWB9,,3.0,Mineral industry,3(a),0,,,,,,33.08,Disposal,HW,,,,,,,
PL.MŚ/000000630.FACILITY,PL.MŚ/000000630.FACILITY,Zakłady Wapiennicze Lhoist S.A. Jednostka Produkcyjna w Tarnowie Opolskim,Tarnów Opolski,Poland,18.0791759490967,50.5646171569824,2007,2024,18,40,air_releases; water_releases; ied_installations,7557.282016437569,7.557,1-10 km,major_river_line,River_Net_l,RL36005960,ODRA OD OSOBŁOGI DO MAŁEJ PANWI,BH140,PL,5.0,1.0,,7557.282016437569,7.557,River_Net_l,RL36005960,ODRA OD OSOBŁOGI DO MAŁEJ PANWI,23175.292259349462,23.175,Canals_l,CL36022948,,,,,,,PL.MŚ/000002940.INSTALLATION; PL.MŚ/000002939.INSTALLATION,3.0,Mineral industry,3(c),10,Carbon dioxide (CO2); Carbon monoxide (CO); Chromium and compounds (as Cr); Copper and compounds (as Cu); Mercury and compounds (as Hg); Nickel and compounds (as Ni); Particulate matter (PM10); Phenols (as total C); Total nitrogen; Zinc and compounds (as Zn),Carbon dioxide (CO2); Carbon monoxide (CO); Copper and compounds (as Cu); Total nitrogen,3641231600.0,5379526.17,,,,,,,,functional,Production of cement clinker in rotary kilns with a production capacity exceeding 500 tonnes per day or in other kilns with a production capacity exceeding 50 tonnes per day; Production of lime in kilns with a production capacity exceeding 50 tonnes per day,BATCNOTYETADOPTED; CLM,
PL.EEA/15P000683.FACILITY,PL.EEA/15P000683.FACILITY,"Polskie Górnictwo Naftowe i Gazownictwo S.A., Ośrodek Centralny Kaleje",Jeziory Wielkie,Poland,17.105763,52.169703,2012,2012,1,1,waste_transfers,7695.816165915865,7.696,1-10 km,major_river_line,River_Net_l,RL36019380,WARTA OD PYSZĄCEJ DO KOPLI,BH140,PL,6.0,1.0,,7695.816165915865,7.696,River_Net_l,RL36019380,WARTA OD PYSZĄCEJ DO KOPLI,26514.87532497123,26.515,Canals_l,CL36022926,,,,,,,,3.0,Mineral industry,3(a),0,,,,,,2.255,Disposal; Recovery,HW,,,,,,,
PL.MŚ/000002500.FACILITY,PL.MŚ/000002500.FACILITY,Polska Grupa Górnicza sp. z o.o. Oddział KWK Sośnica,Gliwice,Poland,18.7135009765625,50.2750091552734,2007,2024,18,60,air_releases; water_releases; waste_transfers; ied_installations,7698.538778238862,7.699,1-10 km,canal_line,Canals_l,CL36022985,,BH020,PL,-9999.0,,,32282.87876816801,32.283,River_Net_l,RL36004976,ODRA OD WYPŁYWU ZE ZB. POLDER BUKÓW DO KANAŁU GLIWICKIEGO,7698.538778238862,7.699,Canals_l,CL36022985,,,,,,,PL.MŚ/000003130.INSTALLATION,3.0,Mineral industry,3(a),5,Chlorides (as total Cl); Hydro-fluorocarbons (HFCS); Hydrochlorofluorocarbons (HCFCs); Methane (CH4); Polycyclic aromatic hydrocarbons (PAHs),Chlorides (as total Cl); Hydro-fluorocarbons (HFCS); Methane (CH4),457917205.0,386300000.0,,12523899.56,Disposal; Recovery,HW; NONHW,,,,functional,Combustion of fuels in installations with a total rated thermal input of 50 MW or more,BATCNOTYETADOPTED,
PL.MŚ/000003233.FACILITY,PL.MŚ/000003233.FACILITY,Kopalnia Gazu Ziemnego Kaleje - kotłownia,Jeziory Wielkie,Poland,17.1059303283691,52.1697196960449,2019,2024,6,7,ied_installations; waste_transfers,7707.293602409372,7.707,1-10 km,major_river_line,River_Net_l,RL36019380,WARTA OD PYSZĄCEJ DO KOPLI,BH140,PL,6.0,1.0,,7707.293602409372,7.707,River_Net_l,RL36019380,WARTA OD PYSZĄCEJ DO KOPLI,26525.85568990921,26.526,Canals_l,CL36022926,,,,,,,PL.MŚ/000003863.INSTALLATION,3.0,Mineral industry,3(a),0,,,,,,15.524,Disposal; Recovery,HW,,,,functional,Combustion of fuels in installations with a total rated thermal input of 50 MW or more,BATCNOTYETADOPTED,
PL.EEA/16Z000639.FACILITY,PL.EEA/16Z000639.FACILITY,"Polskie Górnictwo Naftowe i Gazownictwo S.A. Oddział w Zielonej Górze, Ekspedyt Ropy Naftowej Boleszkowice",Boleszkowice,Poland,14.517519,52.740275,2017,2017,1,1,waste_transfers,8064.234930616632,8.064,1-10 km,major_river_line,River_Net_l,RL36012598,ODRA OD WARTY DO ODRY ZACHODNIEJ,BH140,DE/PL,7.0,1.0,,8064.234930616632,8.064,River_Net_l,RL36012598,ODRA OD WARTY DO ODRY ZACHODNIEJ,21011.97102737625,21.012,Canals_l,CL36022968,,,,,,,,3.0,Mineral industry,3(a),0,,,,,,200.5,Disposal; Recovery,HW,,,,,,,
PL.EEA/04F001569.FACILITY,PL.EEA/04F001569.FACILITY,"Gozdnickie Zakłady  Ceramiki Budowlanej Sp. z o.o., Zakład nr 4",Gozdnica,Poland,15.09161,51.441089,2016,2016,1,1,waste_transfers,8158.467363652197,8.158,1-10 km,major_river_line,River_Net_l,RL36001566,ODER,BH140,DE/PL,5.0,1.0,,8158.467363652197,8.158,River_Net_l,RL36001566,ODER,43997.20514724196,43.997,Canals_l,CL36022992,,,,,,,,3.0,Mineral industry,3(g),0,,,,,,2.5460000000000003,Disposal; Recovery,HW,,,,,,,
PL.EEA/04F003620.FACILITY,PL.EEA/04F003620.FACILITY,Strefa Przyodwiertowa Sowia Góra-2k,-,Poland,15.829128,52.70991,2016,2016,1,1,waste_transfers,8466.742974692608,8.467,1-10 km,major_river_line,River_Net_l,RL36012534,WARTA OD KAMIONKI DO OBRY,BH140,PL,6.0,1.0,,8466.742974692608,8.467,River_Net_l,RL36012534,WARTA OD KAMIONKI DO OBRY,,,,,,,,,,,,3.0,Mineral industry,3(a),0,,,,,,2.83,Disposal,HW,,,,,,,
PL.MŚ/000002384.FACILITY,PL.MŚ/000002384.FACILITY,"Kopalnia Piasku ""KOTLARNIA"" S.A.",Kotlarnia,Poland,18.3755130767822,50.2693634033203,2009,2024,14,20,waste_transfers; ied_installations,8471.711094441285,8.472,1-10 km,canal_line,Canals_l,CL36022987,,BH020,PL,-9999.0,,,8581.127577666937,8.581,River_Net_l,RL36005062,ODRA OD WYPŁYWU ZE ZB. POLDER BUKÓW DO KANAŁU GLIWICKIEGO,8471.711094441285,8.472,Canals_l,CL36022987,,,,,,,PL.MŚ/000003014.INSTALLATION,3.0,Mineral industry,3(b),0,,,,,,1414.21,Disposal; Recovery,HW,,,,functional,Production of cement clinker in rotary kilns with a production capacity exceeding 500 tonnes per day or in other kilns with a production capacity exceeding 50 tonnes per day,BATCNOTYETADOPTED,
PL.EEA/15P000654.FACILITY,PL.EEA/15P000654.FACILITY,"Polskie Górnictwo Naftowe i Gazownictwo S.A. Oddział w Zielonej Górze, Ośrodek Grupowy Stęszew",Zamysłowo,Poland,16.662948,52.2764,2009,2009,1,1,waste_transfers,8634.07175123741,8.634,1-10 km,canal_line,Canals_l,CL36022926,,BH020,PL,3.0,,,14261.310488077228,14.261,River_Net_l,RL36019731,WARTA OD PYSZĄCEJ DO KOPLI,8634.07175123741,8.634,Canals_l,CL36022926,,,,,,,,3.0,Mineral industry,3(a),0,,,,,,4.4,Disposal,HW,,,,,,,
PL.EEA/01D001486.FACILITY,PL.EEA/01D001486.FACILITY,Polcolorit  S.A.,Piechowice,Poland,15.603247,50.863151,2007,2008,2,2,waste_transfers,8735.786384084013,8.736,1-10 km,major_river_line,River_Net_l,RL36000593,BÓBR OD ZADRNEJ DO ZB. PILCHOWICE,BH140,PL,5.0,1.0,,8735.786384084013,8.736,River_Net_l,RL36000593,BÓBR OD ZADRNEJ DO ZB. PILCHOWICE,,,,,,,,,,,,3.0,Mineral industry,3(g),0,,,,,,1223.0,Recovery,HW,,,,,,,
PL.EEA/01D001509.FACILITY,PL.EEA/01D001509.FACILITY,Surmin-Kaolin S.A.,Nowogrodziec,Poland,15.374765,51.212744,2007,2010,4,4,waste_transfers,8800.078731799471,8.8,1-10 km,major_river_line,River_Net_l,RL36001184,BÓBR OD ŻELISZOWSKIEGO POTOKU DO BOBRZYCY,BH140,PL,5.0,1.0,,8800.078731799471,8.8,River_Net_l,RL36001184,BÓBR OD ŻELISZOWSKIEGO POTOKU DO BOBRZYCY,,,,,,,,,,,,3.0,Mineral industry,3(b),0,,,,,,4828.35,Disposal,HW,,,,,,,
PL.EEA/12S003890.FACILITY,PL.EEA/12S003890.FACILITY,"Spółka Restrukturyzacji Kopalń S.A. w Bytomiu Oddział w Pszowie KWK ""Anna""",Pszów,Poland,18.392863,50.043763,2016,2016,1,1,air_releases,8826.074856419356,8.826,1-10 km,major_river_line,River_Net_l,RL36004356,ODRA OD WYPŁYWU ZE ZB. POLDER BUKÓW DO KANAŁU GLIWICKIEGO,BH140,PL,5.0,1.0,,8826.074856419356,8.826,River_Net_l,RL36004356,ODRA OD WYPŁYWU ZE ZB. POLDER BUKÓW DO KANAŁU GLIWICKIEGO,23741.542596141528,23.742,Canals_l,CL36022977,,,,,,,,3.0,Mineral industry,3(a),1,Methane (CH4),Methane (CH4),1260000.0,,,,,,,,,,,,
PL.EEA/12S000537.FACILITY,PL.EEA/12S000537.FACILITY,"Kompania Węglowa S.A., Oddział Kopalnia Węgla Kamiennego ""RYDUŁTOWY-ANNA"" - Ruch II",Pszów,Poland,18.392229,50.04642,2007,2016,10,18,air_releases; waste_transfers,8902.801619714162,8.903,1-10 km,major_river_line,River_Net_l,RL36004356,ODRA OD WYPŁYWU ZE ZB. POLDER BUKÓW DO KANAŁU GLIWICKIEGO,BH140,PL,5.0,1.0,,8902.801619714162,8.903,River_Net_l,RL36004356,ODRA OD WYPŁYWU ZE ZB. POLDER BUKÓW DO KANAŁU GLIWICKIEGO,23932.226742302068,23.932,Canals_l,CL36022977,,,,,,,,3.0,Mineral industry,3(a),1,Methane (CH4),Methane (CH4),31428000.0,,,817527.43,Disposal; Recovery,HW; NONHW,,,,,,,
PL.EEA/04F003618.FACILITY,PL.EEA/04F003618.FACILITY,Ośrodek Grupowy Grotów,-,Poland,15.912583,52.752393,2014,2014,1,1,waste_transfers,8917.244864267184,8.917,1-10 km,major_river_line,River_Net_l,RL36013487,MIAŁA OD DOPŁYWU Z PĘCKOWA DO UJŚCIA,BH140,PL,6.0,1.0,,8917.244864267184,8.917,River_Net_l,RL36013487,MIAŁA OD DOPŁYWU Z PĘCKOWA DO UJŚCIA,,,,,,,,,,,,3.0,Mineral industry,3(a),0,,,,,,17.7,Disposal,HW,,,,,,,
PL.EEA/15P000530.FACILITY,PL.EEA/15P000530.FACILITY,"PAK Kopalnia Węgla Brunatnego Adamów S.A., Odkrywka Władysławów",Kamionka,Poland,18.475992,52.119544,2007,2012,6,11,water_releases; waste_transfers,9383.467837666283,9.383,1-10 km,major_river_line,River_Net_l,RL36019841,WARTA OD TELESZYNY DO TOPCA,BH140,PL,5.0,1.0,,9383.467837666283,9.383,River_Net_l,RL36019841,WARTA OD TELESZYNY DO TOPCA,47130.11891206,47.13,Canals_l,CL36022978,,,,,,,,3.0,Mineral industry,3(b),8,Arsenic and compounds (as As); Cadmium and compounds (as Cd); Chromium and compounds (as Cr); Copper and compounds (as Cu); Lead and compounds (as Pb); Nickel and compounds (as Ni); Total organic carbon(as total C or COD/3) (TOC); Zinc and compounds (as Zn),Arsenic and compounds (as As); Cadmium and compounds (as Cd); Chromium and compounds (as Cr); Nickel and compounds (as Ni); Total organic carbon(as total C or COD/3) (TOC),,752925.23,,28.4,Disposal,HW,,,,,,,
PL.MŚ/000000326.FACILITY,PL.MŚ/000000326.FACILITY,Röben Polska Sp. z o.o. i Wspólnicy Spółka Komandytowa,Środa Śląska,Poland,16.6128997802734,51.155590057373,2007,2024,18,26,air_releases; waste_transfers; ied_installations,9444.69865852641,9.445,1-10 km,major_river_line,River_Net_l,RL36008150,ODRA OD WAŁÓW ŚLĄSKICH DO KANAŁU WSCHODNIEGO,BH140,PL,6.0,1.0,,9444.69865852641,9.445,River_Net_l,RL36008150,ODRA OD WAŁÓW ŚLĄSKICH DO KANAŁU WSCHODNIEGO,,,,,,,,,,,PL.MŚ/000000483.INSTALLATION,3.0,Mineral industry,3(g),2,Nitrogen oxides (NOX); Particulate matter (PM10),Nitrogen oxides (NOX); Particulate matter (PM10),188000.0,,,392.5,Disposal; Recovery,HW,,,,functional,"Manufacture of ceramic products by firing, in particular roofing tiles, bricks, refractory bricks, tiles, stoneware or porcelain with a production capacity exceeding 75 tonnes per day and/or with a kiln capacity exceeding 4 m3 and with a setting density per kiln exceeding 300 kg/m3",NOBATCAPPLICABLE,
PL.MŚ/000003243.FACILITY,PL.MŚ/000003243.FACILITY,Kopalnia Gazu Ziemnego Wielichowo -  Ośrodek Grupowy Ujazd,Ujazd-Huby,Poland,16.4018573760986,52.1985359191895,2019,2024,6,7,waste_transfers; ied_installations,9542.45802753144,9.542,1-10 km,canal_line,Canals_l,CL36022938,,BH020,PL,4.0,,,32706.14919365752,32.706,River_Net_l,RL36011214,OBRA OD KAN. DZWIŃSKIEGO DO CZARNEJ WODY,9542.45802753144,9.542,Canals_l,CL36022938,,,,,,,PL.MŚ/000003873.INSTALLATION,3.0,Mineral industry,3(a),0,,,,,,20.1,Disposal; Recovery,HW,,,,functional,Combustion of fuels in installations with a total rated thermal input of 50 MW or more,BATCNOTYETADOPTED,
PL.EEA/15P000676.FACILITY,PL.EEA/15P000676.FACILITY,"Polskie Górnictwo Naftowe i Gazownictwo S.A., Ośrodek Grupowy Ujazd",Ujazd-Huby,Poland,16.401677,52.198543,2008,2014,2,2,waste_transfers,9544.761652844478,9.545,1-10 km,canal_line,Canals_l,CL36022938,,BH020,PL,4.0,,,32693.826346993133,32.694,River_Net_l,RL36011214,OBRA OD KAN. DZWIŃSKIEGO DO CZARNEJ WODY,9544.761652844478,9.545,Canals_l,CL36022938,,,,,,,,3.0,Mineral industry,3(a),0,,,,,,20.12,Disposal,HW,,,,,,,
PL.EEA/04F003617.FACILITY,PL.EEA/04F003617.FACILITY,Strefa Przyodwiertowa Grotów-1,-,Poland,15.913608,52.746604,2014,2016,2,2,waste_transfers,9563.496807655218,9.563,1-10 km,major_river_line,River_Net_l,RL36013487,MIAŁA OD DOPŁYWU Z PĘCKOWA DO UJŚCIA,BH140,PL,6.0,1.0,,9563.496807655218,9.563,River_Net_l,RL36013487,MIAŁA OD DOPŁYWU Z PĘCKOWA DO UJŚCIA,,,,,,,,,,,,3.0,Mineral industry,3(a),0,,,,,,21.35,Disposal,HW,,,,,,,
PL.MŚ/000000765.FACILITY,PL.MŚ/000000765.FACILITY,STOLZLE Wymiarki Sp. z o.o. Huta w Wymiarkach - Instalacja do produkcji szkła,Wymiarki,Poland,15.0757,51.50888,2017,2024,8,12,ied_installations; waste_transfers,9661.33937897645,9.661,1-10 km,major_river_line,River_Net_l,RL36001566,ODER,BH140,DE/PL,5.0,1.0,,9661.33937897645,9.661,River_Net_l,RL36001566,ODER,36849.77292745359,36.85,Canals_l,CL36022992,,,,,,,PL.MŚ/000001109.INSTALLATION,3.0,Mineral industry,3(e),0,,,,,,55.47,Disposal,HW,,,,functional,Manufacture of glass including glass fibre with a melting capacity exceeding 20 tonnes per day,GLS,
PL.MŚ/000001584.FACILITY,PL.MŚ/000001584.FACILITY,Kopalnia Ropy Naftowej i Gazu Ziemnego Lubiatów Ośrodek Centralny,Grotów,Poland,15.8526639938354,52.7164344787598,2013,2024,12,28,air_releases; waste_transfers; ied_installations,9709.66661065766,9.71,1-10 km,major_river_line,River_Net_l,RL36012534,WARTA OD KAMIONKI DO OBRY,BH140,PL,6.0,1.0,,9709.66661065766,9.71,River_Net_l,RL36012534,WARTA OD KAMIONKI DO OBRY,,,,,,,,,,,PL.MŚ/000003885.INSTALLATION,3.0,Mineral industry,3(a),2,Nitrogen oxides (NOX); Sulphur oxides (SOX),Sulphur oxides (SOX),1736000.0,,,2255.7200000000003,Disposal; Recovery,HW,,,,functional,Refining of mineral oil and gas,NOBATCAPPLICABLE,
PL.MŚ/000003229.FACILITY,PL.MŚ/000003229.FACILITY,Kopalnia Ropy Naftowej i Gazu Ziemnego Zielin - Ośrodek Produkcyjny Dzieduszyce,Stare Dzieduszyce,Poland,14.9600553512573,52.7353973388672,2018,2024,7,15,air_releases; ied_installations; waste_transfers,9859.908883657175,9.86,1-10 km,major_river_line,River_Net_l,RL36012446,WARTA OD NOTECI DO UJŚCIA,BH140,PL,7.0,1.0,,9859.908883657175,9.86,River_Net_l,RL36012446,WARTA OD NOTECI DO UJŚCIA,10114.0069702836,10.114,Canals_l,CL36022968,,,,,,,PL.MŚ/000003859.INSTALLATION,3.0,Mineral industry,3(a),1,Sulphur oxides (SOX),Sulphur oxides (SOX),2829000.0,,,47.84,Disposal,HW,,,,functional,Combustion of fuels in installations with a total rated thermal input of 50 MW or more,BATCNOTYETADOPTED,
PL.EEA/02C_000152.FACILITY,PL.EEA/02C_000152.FACILITY,"Huta Szkła Gospodarczego ""IRENA"" S.A.",Inowrocław,Poland,18.248058,52.8097,2007,2011,5,11,pollutant_transfers; waste_transfers; air_releases,9885.746199771023,9.886,1-10 km,major_river_line,River_Net_l,RL36021489,MIELNO,BH140,PL,5.0,1.0,,9885.746199771023,9.886,River_Net_l,RL36021489,MIELNO,26137.564441085466,26.138,Canals_l,CL36022970,,,,,,,,3.0,Mineral industry,3(e),1,Lead and compounds (as Pb),Lead and compounds (as Pb),1420.0,,181.3,2343.2000000000003,Recovery,HW; NONHW,,,,,,,
PL.EEA/01D000000.FACILITY,PL.EEA/01D000000.FACILITY,Ceramika Marconi Sp. z o. o.,Piechowice,Poland,15.598054,50.852965,2008,2009,2,2,waste_transfers,9922.57337936155,9.923,1-10 km,major_river_line,River_Net_l,RL36000593,BÓBR OD ZADRNEJ DO ZB. PILCHOWICE,BH140,PL,5.0,1.0,,9922.57337936155,9.923,River_Net_l,RL36000593,BÓBR OD ZADRNEJ DO ZB. PILCHOWICE,,,,,,,,,,,,3.0,Mineral industry,3(g),0,,,,,,555.0,Recovery,HW,,,,,,,
PL.MŚ/000001376.FACILITY,PL.MŚ/000001376.FACILITY,POLCOLORIT SPÓŁKA AKCYJNA - MARCONI,Piechowice,Poland,15.5976057052612,50.8530158996582,2017,2024,8,18,ied_installations; waste_transfers,9929.498087129416,9.929,1-10 km,major_river_line,River_Net_l,RL36000593,BÓBR OD ZADRNEJ DO ZB. PILCHOWICE,BH140,PL,5.0,1.0,,9929.498087129416,9.929,River_Net_l,RL36000593,BÓBR OD ZADRNEJ DO ZB. PILCHOWICE,,,,,,,,,,,PL.MŚ/000001899.INSTALLATION; PL.MŚ/000003565.INSTALLATION,3.0,Mineral industry,3(g),0,,,,,,20891.82,Recovery,HW; NONHW,,,,functional,"Manufacture of ceramic products by firing, in particular roofing tiles, bricks, refractory bricks, tiles, stoneware or porcelain with a production capacity exceeding 75 tonnes per day and/or with a kiln capacity exceeding 4 m3 and with a setting density per kiln exceeding 300 kg/m3",BATCNOTYETADOPTED; NOBATCAPPLICABLE,
